/*
Navicat MySQL Data Transfer

Source Server         : 本地
Source Server Version : 50505
Source Host           : localhost:3306
Source Database       : kitecms

Target Server Type    : MYSQL
Target Server Version : 50505
File Encoding         : 65001

Date: 2019-07-01 13:44:04
*/

SET FOREIGN_KEY_CHECKS=0;

-- ----------------------------
-- Table structure for kite_addons
-- ----------------------------
DROP TABLE IF EXISTS `kite_addons`;
CREATE TABLE `kite_addons` (
  `id` int(10) unsigned NOT NULL AUTO_INCREMENT COMMENT '主键',
  `name` varchar(40) NOT NULL COMMENT '插件名或标识',
  `title` varchar(20) NOT NULL DEFAULT '' COMMENT '中文名',
  `description` text DEFAULT NULL COMMENT '插件描述',
  `status` tinyint(1) NOT NULL DEFAULT 0 COMMENT '状态 0 未安装 1 启用 2禁用 3损坏',
  `config` text DEFAULT NULL COMMENT '配置',
  `author` varchar(40) DEFAULT '' COMMENT '作者',
  `version` varchar(20) DEFAULT '' COMMENT '版本号',
  `has_adminlist` tinyint(1) unsigned NOT NULL DEFAULT 0 COMMENT '是否有后台列表',
  `create_at` int(11) DEFAULT NULL COMMENT '创建时间',
  `update_at` int(11) DEFAULT NULL COMMENT '更新时间',
  PRIMARY KEY (`id`)
) ENGINE=MyISAM AUTO_INCREMENT=4 DEFAULT CHARSET=utf8 COMMENT='插件表';

-- ----------------------------
-- Records of kite_addons
-- ----------------------------
INSERT INTO `kite_addons` VALUES ('3', 'demo', '演示插件', '用于演示插件', '1', '{\"title\":\"\\u7cfb\\u7edf\\u4fe1\\u606f\",\"width\":\"6\",\"display\":\"1\"}', 'kitecms', '1.0', '1', null, null);

-- ----------------------------
-- Table structure for kite_auth_role
-- ----------------------------
DROP TABLE IF EXISTS `kite_auth_role`;
CREATE TABLE `kite_auth_role` (
  `role_id` int(11) NOT NULL AUTO_INCREMENT,
  `role_name` varchar(255) COLLATE utf8_bin NOT NULL,
  `rule_ids` varchar(1024) COLLATE utf8_bin NOT NULL DEFAULT '' COMMENT '角色拥有的权限集合',
  `site_ids` varchar(1024) COLLATE utf8_bin NOT NULL DEFAULT '' COMMENT '站点ID集合',
  `lang_var` varchar(64) COLLATE utf8_bin NOT NULL COMMENT '语言表示',
  `sort` int(11) DEFAULT 0 COMMENT '排序',
  PRIMARY KEY (`role_id`)
) ENGINE=InnoDB AUTO_INCREMENT=4 DEFAULT CHARSET=utf8 COLLATE=utf8_bin;

-- ----------------------------
-- Records of kite_auth_role
-- ----------------------------
INSERT INTO `kite_auth_role` VALUES ('1', '管理员', '10,3,24,36,37,38,25,39,40,41,29,30,31,32,33,34,35,6,26,27,28,5,42,43,44,45,46,47,48,49,50,82,86,52,87,88,65,66,67,68,69,70,71,56,57,58,59,60,61,62,75,76,77,78,79,80,81,51,53,54,4,7,18,19,20,21,8,15,16,17,2,1,12,13,14,9,11,22,23,72,89,90,91,92,93,63,64', '1,2', 'Administrator', '1');
INSERT INTO `kite_auth_role` VALUES ('2', '编辑员', '10,3,24,36,37,38,25,39,40,41,29,30,31,32,33,34,35,6,26,27,28', '', 'Editor', '2');
INSERT INTO `kite_auth_role` VALUES ('3', '注册用户', '10', '', 'Member', '2');

-- ----------------------------
-- Table structure for kite_auth_rule
-- ----------------------------
DROP TABLE IF EXISTS `kite_auth_rule`;
CREATE TABLE `kite_auth_rule` (
  `id` int(11) NOT NULL AUTO_INCREMENT,
  `pid` int(11) NOT NULL DEFAULT 0,
  `module` varchar(64) COLLATE utf8_bin NOT NULL DEFAULT '' COMMENT '规则所属模型',
  `name` varchar(64) CHARACTER SET utf8 NOT NULL DEFAULT '' COMMENT '规则名称',
  `url` varchar(64) CHARACTER SET utf8 NOT NULL,
  `menu` tinyint(1) DEFAULT 0 COMMENT '是否为菜单0 否 1是',
  `icon` varchar(64) CHARACTER SET utf8 NOT NULL DEFAULT 'fa fa-circle-o' COMMENT '图标',
  `sort` int(11) DEFAULT 0 COMMENT '排序',
  `description` varchar(255) CHARACTER SET utf8 DEFAULT '' COMMENT '备注说明',
  `lang_var` varchar(64) COLLATE utf8_bin NOT NULL COMMENT '语言表示',
  PRIMARY KEY (`id`),
  KEY `permission_url` (`url`) USING BTREE,
  KEY `lang_var` (`lang_var`) USING BTREE
) ENGINE=InnoDB AUTO_INCREMENT=105 DEFAULT CHARSET=utf8 COLLATE=utf8_bin;

-- ----------------------------
-- Records of kite_auth_rule
-- ----------------------------
INSERT INTO `kite_auth_rule` VALUES ('1', '0', 'admin', '系统管理', '#', '1', 'fa fa-laptop', '6', '', 'System');
INSERT INTO `kite_auth_rule` VALUES ('2', '8', 'admin', '站点授权', 'admin/role/siteAuth', '0', '', '3', '', 'Site authorize');
INSERT INTO `kite_auth_rule` VALUES ('3', '0', 'admin', '信息管理', '#', '1', 'fa fa-file-word-o', '2', '', 'Information');
INSERT INTO `kite_auth_rule` VALUES ('4', '0', 'admin', '会员管理', '#', '1', 'fa fa-user', '4', '', 'Member');
INSERT INTO `kite_auth_rule` VALUES ('5', '0', 'admin', '功能扩展', '#', '1', 'fa fa-chrome', '3', '', 'Extended');
INSERT INTO `kite_auth_rule` VALUES ('6', '3', 'admin', '模型管理', 'admin/documentModel/index', '1', 'fa fa-cube', '4', '', 'Document model');
INSERT INTO `kite_auth_rule` VALUES ('7', '4', 'admin', '用户管理', 'admin/user/index', '1', 'fa fa-user-secret', '1', '', 'User');
INSERT INTO `kite_auth_rule` VALUES ('8', '4', 'admin', '角色管理', 'admin/role/index', '1', 'fa fa-users', '2', '', 'Role');
INSERT INTO `kite_auth_rule` VALUES ('9', '1', 'admin', '站点管理', 'admin/site/index', '1', 'fa fa-globe', '4', '', 'Sites');
INSERT INTO `kite_auth_rule` VALUES ('10', '0', 'admin', '站点首页', 'admin/index/index', '1', 'fa fa-dashboard ', '1', '', 'Control panel');
INSERT INTO `kite_auth_rule` VALUES ('11', '9', 'admin', '创建站点', 'admin/site/create', '0', 'fa fa-circle-o', '0', '', 'Create site');
INSERT INTO `kite_auth_rule` VALUES ('12', '1', 'admin', '权限配置', 'admin/rule/index', '1', 'fa fa-shield', '3', '', 'Permission');
INSERT INTO `kite_auth_rule` VALUES ('13', '12', 'admin', '增加权限', 'admin/rule/create', '0', 'fa fa-circle-o', '0', '', 'Create');
INSERT INTO `kite_auth_rule` VALUES ('14', '12', 'admin', '权限编辑', 'admin/rule/edit', '0', '', '0', '', 'Edit');
INSERT INTO `kite_auth_rule` VALUES ('15', '8', 'admin', '增加角色', 'admin/role/create', '0', '', '0', '', 'Create');
INSERT INTO `kite_auth_rule` VALUES ('16', '8', 'admin', '角色编辑', 'admin/role/edit', '0', '', '0', '', 'Edit');
INSERT INTO `kite_auth_rule` VALUES ('17', '8', 'admin', '角色授权', 'admin/role/auth', '0', '', '0', '', 'Role authorization');
INSERT INTO `kite_auth_rule` VALUES ('18', '7', 'admin', '创建管理员', 'admin/user/create', '0', '', '0', '', 'Create');
INSERT INTO `kite_auth_rule` VALUES ('19', '7', 'admin', '更新管理员', 'admin/user/edit', '0', '', '0', '', 'Update');
INSERT INTO `kite_auth_rule` VALUES ('20', '7', 'admin', '删除管理员', 'admin/user/remove', '0', '', '0', '', 'Delete');
INSERT INTO `kite_auth_rule` VALUES ('21', '7', 'admin', '管理员批量操作', 'admin/user/handle', '0', '', '0', '', 'Batch operation');
INSERT INTO `kite_auth_rule` VALUES ('22', '9', 'admin', '编辑站点', 'admin/site/edit', '0', '', '0', '', 'Edit');
INSERT INTO `kite_auth_rule` VALUES ('23', '9', 'admin', '删除站点', 'admin/site/remove', '0', '', '0', '', 'Delete');
INSERT INTO `kite_auth_rule` VALUES ('24', '3', 'admin', '文档信息', 'admin/document/index', '1', 'fa fa-file-text-o', '1', '', 'Document');
INSERT INTO `kite_auth_rule` VALUES ('25', '3', 'admin', '栏目分类', 'admin/category/index', '1', 'fa fa-list-ol', '2', '', 'Category');
INSERT INTO `kite_auth_rule` VALUES ('26', '6', 'admin', '创建模型', 'admin/documentModel/create', '0', '', '0', '', 'Create');
INSERT INTO `kite_auth_rule` VALUES ('27', '6', 'admin', '编辑模型', 'admin/documentModel/edit', '0', '', '0', '', 'Edit');
INSERT INTO `kite_auth_rule` VALUES ('28', '6', 'admin', '删除模型', 'admin/documentModel/remove', '0', '', '0', '', 'Remove');
INSERT INTO `kite_auth_rule` VALUES ('29', '3', 'admin', '字段管理', 'admin/documentField/index', '1', 'fa fa-cubes', '3', '', 'Document Field');
INSERT INTO `kite_auth_rule` VALUES ('30', '29', 'admin', '创建字段', 'admin/documentField/create', '0', '', '0', '', 'Create document field');
INSERT INTO `kite_auth_rule` VALUES ('31', '29', 'admin', '编辑字段', 'admin/documentField/edit', '0', '', '0', '', 'Edit');
INSERT INTO `kite_auth_rule` VALUES ('32', '29', 'admin', '删除字段', 'admin/documentField/remove', '0', '', '0', '', 'Remove');
INSERT INTO `kite_auth_rule` VALUES ('33', '29', 'admin', '字段类别', 'admin/documentField/category', '0', '', '0', '', 'Document field category');
INSERT INTO `kite_auth_rule` VALUES ('34', '29', 'admin', '删除字段分类', 'admin/documentField/removeCategory', '0', '', '0', '', 'Remove');
INSERT INTO `kite_auth_rule` VALUES ('35', '29', 'admin', '批量操作字段分类', 'admin/documentField/handleCategory', '0', '', '0', '', 'Handle');
INSERT INTO `kite_auth_rule` VALUES ('36', '24', 'admin', '创建文档', 'admin/document/create', '0', '', '0', '', 'Create');
INSERT INTO `kite_auth_rule` VALUES ('37', '24', 'admin', '更新文档', 'admin/document/edit', '0', '', '0', '', 'Edit');
INSERT INTO `kite_auth_rule` VALUES ('38', '24', 'admin', '删除文档', 'admin/document/remove', '0', '', '0', '', 'Remove');
INSERT INTO `kite_auth_rule` VALUES ('39', '25', 'admin', '创建文档', 'admin/category/create', '0', '', '0', '', 'Create');
INSERT INTO `kite_auth_rule` VALUES ('40', '25', 'admin', '更新文档', 'admin/category/edit', '0', '', '0', '', 'Edit');
INSERT INTO `kite_auth_rule` VALUES ('41', '25', 'admin', '删除文档', 'admin/category/remove', '0', '', '0', '', 'Remove');
INSERT INTO `kite_auth_rule` VALUES ('42', '5', 'admin', '插件管理', 'admin/addons/index', '1', 'fa fa-plus-square', '0', '', 'Addons');
INSERT INTO `kite_auth_rule` VALUES ('43', '42', 'admin', '插件安装', 'admin/addons/install', '0', '', '0', '', 'Addons install');
INSERT INTO `kite_auth_rule` VALUES ('44', '42', 'admin', '插件卸载', 'admin/addons/uninstall', '0', '', '0', '', 'Addons uninstall');
INSERT INTO `kite_auth_rule` VALUES ('45', '42', 'admin', '插件启用', 'admin/addons/enable', '0', '', '0', '', 'Addons enable');
INSERT INTO `kite_auth_rule` VALUES ('46', '42', 'admin', '插件禁用', 'admin/addons/disable', '0', '', '0', '', 'Addons disable');
INSERT INTO `kite_auth_rule` VALUES ('47', '42', 'admin', '插件配置', 'admin/addons/config', '0', '', '0', '', 'Addons config');
INSERT INTO `kite_auth_rule` VALUES ('48', '5', 'admin', '钩子管理', 'admin/hooks/index', '1', 'fa fa-gg-circle', '0', '', 'Hooks');
INSERT INTO `kite_auth_rule` VALUES ('49', '48', 'admin', '钩子添加', 'admin/hooks/create', '0', '', '0', '', 'Create');
INSERT INTO `kite_auth_rule` VALUES ('50', '48', 'admin', '钩子编辑', 'admin/hooks/edit', '0', '', '0', '', 'Edit');
INSERT INTO `kite_auth_rule` VALUES ('51', '5', 'admin', '订单', 'admin/order/index', '1', 'fa fa-circle-o', '10', '', 'Order');
INSERT INTO `kite_auth_rule` VALUES ('52', '86', 'admin', '编辑评论', 'admin/comments/edit', '0', '', '0', '', 'Edit');
INSERT INTO `kite_auth_rule` VALUES ('53', '51', 'admin', '订单详情', 'admin/order/edit', '0', 'fa fa-circle-o', '0', '', 'Detail');
INSERT INTO `kite_auth_rule` VALUES ('54', '51', 'admin', '删除', 'admin/order/remove', '0', 'fa fa-circle-o', '0', '', 'Remove');
INSERT INTO `kite_auth_rule` VALUES ('56', '5', 'admin', '友情链接', 'admin/link/index', '1', 'fa fa-link', '3', '', 'Link');
INSERT INTO `kite_auth_rule` VALUES ('57', '56', 'admin', '创建友情链接', 'admin/link/create', '0', '', '0', '', 'Create');
INSERT INTO `kite_auth_rule` VALUES ('58', '56', 'admin', '编辑友情链接', 'admin/link/edit', '0', '', '0', '', 'Edit');
INSERT INTO `kite_auth_rule` VALUES ('59', '56', 'admin', '删除友情链接', 'admin/link/remove', '0', '', '0', '', 'Remove');
INSERT INTO `kite_auth_rule` VALUES ('60', '56', 'admin', '友情链接类别', 'admin/link/category', '0', '', '0', '', 'Link category');
INSERT INTO `kite_auth_rule` VALUES ('61', '56', 'admin', '删除友情链接分类', 'admin/link/removeCategory', '0', '', '0', '', 'Remove');
INSERT INTO `kite_auth_rule` VALUES ('62', '56', 'admin', '批量操作友情链接分类', 'admin/link/handleCategory', '0', '', '0', '', 'Handle');
INSERT INTO `kite_auth_rule` VALUES ('63', '1', 'admin', '模板管理', 'admin/template/filelist', '1', 'fa fa-file-code-o', '8', '', 'Template file');
INSERT INTO `kite_auth_rule` VALUES ('64', '63', 'admin', '模板修改', 'admin/template/fileedit', '0', '', '0', '', 'Template file edit');
INSERT INTO `kite_auth_rule` VALUES ('65', '5', 'admin', '幻灯片', 'admin/slider/index', '1', 'fa fa-file-image-o', '2', '', 'Slider');
INSERT INTO `kite_auth_rule` VALUES ('66', '65', 'admin', '创建幻灯片', 'admin/slider/create', '0', '', '0', '', 'Create');
INSERT INTO `kite_auth_rule` VALUES ('67', '65', 'admin', '编辑幻灯片', 'admin/slider/edit', '0', '', '0', '', 'Edit');
INSERT INTO `kite_auth_rule` VALUES ('68', '65', 'admin', '删除幻灯片', 'admin/slider/remove', '0', '', '0', '', 'Remove');
INSERT INTO `kite_auth_rule` VALUES ('69', '65', 'admin', '幻灯片类别', 'admin/slider/category', '0', '', '0', '', 'Slider category');
INSERT INTO `kite_auth_rule` VALUES ('70', '65', 'admin', '删除幻灯片分类', 'admin/slider/removeCategory', '0', '', '0', '', 'Remove');
INSERT INTO `kite_auth_rule` VALUES ('71', '65', 'admin', '批量操作幻灯片分类', 'admin/slider/handleCategory', '0', '', '0', '', 'Handle');
INSERT INTO `kite_auth_rule` VALUES ('72', '1', 'admin', '参数配置', 'admin/site/config', '1', 'fa fa-wrench', '5', '', 'Site config');
INSERT INTO `kite_auth_rule` VALUES ('75', '5', 'admin', '内容区块', 'admin/block/index', '1', 'fa fa-code', '4', '', 'Block');
INSERT INTO `kite_auth_rule` VALUES ('76', '75', 'admin', '创建区块', 'admin/block/create', '0', '', '0', '', 'Create');
INSERT INTO `kite_auth_rule` VALUES ('77', '75', 'admin', '编辑区块', 'admin/block/edit', '0', '', '0', '', 'Edit');
INSERT INTO `kite_auth_rule` VALUES ('78', '75', 'admin', '删除区块', 'admin/block/remove', '0', '', '0', '', 'Remove');
INSERT INTO `kite_auth_rule` VALUES ('79', '75', 'admin', '区块类别', 'admin/block/category', '0', '', '0', '', 'Block category');
INSERT INTO `kite_auth_rule` VALUES ('80', '75', 'admin', '删除区块分类', 'admin/block/removeCategory', '0', '', '0', '', 'Remove');
INSERT INTO `kite_auth_rule` VALUES ('81', '75', 'admin', '批量操作区块分类', 'admin/block/handleCategory', '0', '', '0', '', 'Handle');
INSERT INTO `kite_auth_rule` VALUES ('82', '48', 'admin', '钩子删除', 'admin/hooks/delete', '0', 'fa fa-circle-o', '0', '', 'Delete');
INSERT INTO `kite_auth_rule` VALUES ('86', '5', 'admin', '评论管理', 'admin/comments/index', '1', 'fa fa-comments', '1', '', 'Comments');
INSERT INTO `kite_auth_rule` VALUES ('87', '86', 'admin', '删除评论', 'admin/comments/remove', '0', '', '0', '', 'Remove');
INSERT INTO `kite_auth_rule` VALUES ('88', '86', 'admin', '批量操作评论', 'admin/comments/handle', '0', '', '0', '', 'Handle comments');
INSERT INTO `kite_auth_rule` VALUES ('89', '1', 'admin', '系统日志', 'admin/log/index', '1', 'fa fa-history', '6', '', 'Log');
INSERT INTO `kite_auth_rule` VALUES ('90', '1', 'admin', '编辑菜单', 'admin/navigation/index', '1', 'fa fa-navicon', '7', '', 'Navigation');
INSERT INTO `kite_auth_rule` VALUES ('91', '90', 'admin', '菜单管理', 'admin/navigation/category', '0', '', '0', '', 'Navigation category');
INSERT INTO `kite_auth_rule` VALUES ('92', '90', 'admin', '删除菜单', 'admin/navigation/removeCategory', '0', '', '0', '', 'Remove');
INSERT INTO `kite_auth_rule` VALUES ('93', '90', 'admin', '批量操作菜单', 'admin/navigation/handleCategory', '0', '', '0', '', 'Handle');

-- ----------------------------
-- Table structure for kite_auth_user
-- ----------------------------
DROP TABLE IF EXISTS `kite_auth_user`;
CREATE TABLE `kite_auth_user` (
  `uid` int(11) NOT NULL AUTO_INCREMENT COMMENT 'UID',
  `role_ids` varchar(64) COLLATE utf8_bin NOT NULL DEFAULT '' COMMENT '用户所属角色组',
  `username` varchar(64) COLLATE utf8_bin NOT NULL COMMENT '用户名',
  `password` varchar(255) COLLATE utf8_bin NOT NULL COMMENT '管理员密码',
  `phone` char(11) COLLATE utf8_bin DEFAULT '' COMMENT '手机号',
  `email` varchar(255) COLLATE utf8_bin NOT NULL COMMENT '电子邮箱',
  `status` tinyint(4) NOT NULL DEFAULT 0 COMMENT '状态 0 正常 1禁用',
  `score` int(11) DEFAULT NULL COMMENT '积分',
  `avatar` varchar(255) COLLATE utf8_bin DEFAULT '' COMMENT '头像',
  `create_at` int(11) DEFAULT NULL COMMENT '创建时间',
  `update_at` int(11) DEFAULT NULL,
  PRIMARY KEY (`uid`),
  UNIQUE KEY `user_id` (`uid`) USING BTREE,
  UNIQUE KEY `user_name` (`username`) USING BTREE,
  KEY `created` (`create_at`) USING BTREE,
  KEY `phone` (`phone`) USING BTREE,
  KEY `email` (`email`) USING BTREE
) ENGINE=InnoDB AUTO_INCREMENT=4 DEFAULT CHARSET=utf8 COLLATE=utf8_bin;

-- ----------------------------
-- Records of kite_auth_user
-- ----------------------------
INSERT INTO `kite_auth_user` VALUES ('1', '1,2,3', 'admin', '$2y$10$kDE4XaL1BtBBvU/cScJae.hEu1oHjENbO1MCKjrPPIq1DLOUt7JIu', '18780221108', 'kite@kitesky.com', '0', '44', '/upload/20190627/aba796d04ef17b1862880b988a5b47d8.png', '1561568316', '1561565703');
INSERT INTO `kite_auth_user` VALUES ('2', '2,3', 'kite', '$2y$10$1f/FRyoZxN.gP3ND6aJcrOueubjMfKQYzGR09rNjWGfsGsCPiBBbe', '', 'kite@qq.com', '0', '37', '/upload/20190618/83b56ac13413773672ac9cfbeaccba85.png', '1555628531', '1561301767');
INSERT INTO `kite_auth_user` VALUES ('3', '3', 'test', '$2y$10$Hdj5OUEryL2rvhx4fuzFCeH6M9sEgU4fJPfA6dmhsOLassMLekJC2', '', 'test@19981.com', '0', '1', '', '1560852844', '1561700394');

-- ----------------------------
-- Table structure for kite_block
-- ----------------------------
DROP TABLE IF EXISTS `kite_block`;
CREATE TABLE `kite_block` (
  `id` int(11) NOT NULL AUTO_INCREMENT COMMENT 'ID',
  `cid` int(11) DEFAULT 0 COMMENT '友情链接分类ID',
  `site_id` char(64) COLLATE utf8_bin NOT NULL DEFAULT '' COMMENT '网站编号',
  `name` varchar(64) CHARACTER SET utf8 NOT NULL DEFAULT '' COMMENT '网站名称',
  `variable` varchar(64) CHARACTER SET utf8 NOT NULL DEFAULT '' COMMENT '区块变量标识',
  `content` text COLLATE utf8_bin DEFAULT NULL COMMENT '内容',
  `start_time` int(11) DEFAULT NULL,
  `end_time` int(11) DEFAULT NULL,
  `status` tinyint(1) NOT NULL DEFAULT 0 COMMENT '状态： 0隐藏  1 显示',
  `create_at` int(11) DEFAULT NULL COMMENT '创建时间',
  `update_at` int(11) DEFAULT NULL COMMENT '更新时间',
  PRIMARY KEY (`id`)
) ENGINE=InnoDB AUTO_INCREMENT=2 DEFAULT CHARSET=utf8 COLLATE=utf8_bin;

-- ----------------------------
-- Records of kite_block
-- ----------------------------
INSERT INTO `kite_block` VALUES ('1', '1', '2', 'primer', 'primer', 0x7072696D6572, null, null, '1', '1560620866', '1560620866');

-- ----------------------------
-- Table structure for kite_document_category
-- ----------------------------
DROP TABLE IF EXISTS `kite_document_category`;
CREATE TABLE `kite_document_category` (
  `id` int(11) NOT NULL AUTO_INCREMENT,
  `pid` int(11) NOT NULL DEFAULT 0 COMMENT '上级父ID',
  `site_id` int(11) NOT NULL COMMENT '模型归属站点',
  `model_id` int(11) NOT NULL COMMENT '模型ID',
  `sort` int(11) DEFAULT 0 COMMENT '权重排序',
  `title` varchar(64) COLLATE utf8_bin NOT NULL DEFAULT '' COMMENT '文档标题',
  `keywords` varchar(255) COLLATE utf8_bin NOT NULL DEFAULT '' COMMENT '文档关键词',
  `description` varchar(255) COLLATE utf8_bin NOT NULL DEFAULT '' COMMENT '描述',
  `content` text COLLATE utf8_bin DEFAULT NULL COMMENT '文档内容',
  `list_tpl` varchar(255) COLLATE utf8_bin DEFAULT NULL COMMENT '栏目模板',
  `detail_tpl` varchar(255) COLLATE utf8_bin DEFAULT NULL COMMENT '内容模板',
  `status` tinyint(1) NOT NULL DEFAULT 0 COMMENT '0 隐藏 1 显示',
  `create_at` int(11) DEFAULT NULL COMMENT '创建时间',
  `update_at` int(11) DEFAULT NULL COMMENT '更新时间',
  PRIMARY KEY (`id`)
) ENGINE=InnoDB AUTO_INCREMENT=18 DEFAULT CHARSET=utf8 COLLATE=utf8_bin;

-- ----------------------------
-- Records of kite_document_category
-- ----------------------------
INSERT INTO `kite_document_category` VALUES ('1', '9', '1', '1', '0', 'PHP编程', '', '', '', 'category/article-list-sidebar', 'document/article-detail-sidebar', '1', null, '1561002621');
INSERT INTO `kite_document_category` VALUES ('2', '9', '1', '1', '0', '前端技术', '', '', '', 'category/article-list-sidebar', 'document/article-detail-sidebar', '1', '1541328648', '1561029529');
INSERT INTO `kite_document_category` VALUES ('3', '9', '1', '1', '0', 'SEO搜索优化', '', '', 0x3C703EE585B3E4BA8EE68891E4BBAC3C2F703E, 'category/article-list-sidebar', 'document/article-detail-sidebar', '1', '1552019863', '1561002638');
INSERT INTO `kite_document_category` VALUES ('4', '9', '1', '1', '0', '视频课程', '', '', '', 'category/article-list-sidebar', 'document/article-detail-sidebar', '1', '1552019887', '1561002728');
INSERT INTO `kite_document_category` VALUES ('5', '0', '1', '1', '0', '服务项目', '', '', '', '', '', '1', '1552019904', '1561888222');
INSERT INTO `kite_document_category` VALUES ('6', '0', '1', '1', '0', '手册', '', '', '', 'category/article-list-sidebar', 'document/article-detail-sidebar', '1', '1552271505', '1561029428');
INSERT INTO `kite_document_category` VALUES ('7', '0', '1', '1', '0', '下载', 'cms', '下载', '', 'category/down', '', '1', '1561001820', '1561003786');
INSERT INTO `kite_document_category` VALUES ('8', '0', '1', '5', '0', '模板主题', '', '', '', 'category/grid', '', '1', '1561001864', '1561946897');
INSERT INTO `kite_document_category` VALUES ('9', '0', '1', '1', '0', '教程', '', '', '', '', '', '1', '1561001879', '1561001905');
INSERT INTO `kite_document_category` VALUES ('10', '9', '1', '1', '0', '使用帮助', '', '', '', 'category/article-list-sidebar', 'document/article-detail-sidebar', '1', '1561001886', '1561027591');
INSERT INTO `kite_document_category` VALUES ('11', '9', '1', '1', '0', '模板制作', '', '', '', 'category/article-list-sidebar', 'document/article-detail-sidebar', '1', '1561002000', '1561027600');
INSERT INTO `kite_document_category` VALUES ('12', '9', '1', '1', '0', '二次开发', '', '', '', 'category/article-list-sidebar', 'document/article-detail-sidebar', '1', '1561002022', '1561027606');
INSERT INTO `kite_document_category` VALUES ('13', '9', '1', '1', '0', '数据字典', '', '', '', 'category/article-list-sidebar', 'document/article-detail-sidebar', '1', '1561002056', '1561027614');
INSERT INTO `kite_document_category` VALUES ('14', '0', '1', '1', '0', '联系我们', '', '', '', 'category/contact', '', '1', '1561003161', '1561003161');
INSERT INTO `kite_document_category` VALUES ('15', '0', '2', '2', '0', '新闻', '', '', '', 'category/index', 'document/index', '1', '1561563507', '1561563507');
INSERT INTO `kite_document_category` VALUES ('16', '0', '2', '2', '0', '产品', '', '', '', 'category/index', 'document/index', '1', '1561563518', '1561563518');
INSERT INTO `kite_document_category` VALUES ('17', '0', '2', '3', '0', '招聘', '', '', '', 'category/index', 'document/index', '1', '1561563531', '1561563973');

-- ----------------------------
-- Table structure for kite_document_comments
-- ----------------------------
DROP TABLE IF EXISTS `kite_document_comments`;
CREATE TABLE `kite_document_comments` (
  `id` int(11) NOT NULL AUTO_INCREMENT COMMENT '评论ID',
  `site_id` int(11) NOT NULL COMMENT '网站ID',
  `pid` int(11) NOT NULL DEFAULT 0 COMMENT '评论上级ID',
  `uid` int(11) NOT NULL COMMENT '评论人mid ',
  `document_id` int(11) NOT NULL COMMENT '评论文档ID',
  `content` text COLLATE utf8_bin NOT NULL COMMENT '评论内容',
  `status` tinyint(1) NOT NULL DEFAULT 0 COMMENT '0 隐藏 1 显示',
  `create_at` int(11) DEFAULT NULL COMMENT '创建时间',
  `update_at` int(11) DEFAULT NULL COMMENT '更新时间',
  PRIMARY KEY (`id`)
) ENGINE=InnoDB AUTO_INCREMENT=2 DEFAULT CHARSET=utf8 COLLATE=utf8_bin;

-- ----------------------------
-- Records of kite_document_comments
-- ----------------------------
INSERT INTO `kite_document_comments` VALUES ('1', '1', '0', '2', '2', 0x3131, '1', '1560851402', '1560851402');

-- ----------------------------
-- Table structure for kite_document_comments_like
-- ----------------------------
DROP TABLE IF EXISTS `kite_document_comments_like`;
CREATE TABLE `kite_document_comments_like` (
  `id` int(11) NOT NULL AUTO_INCREMENT,
  `comments_id` int(11) NOT NULL COMMENT '文档ID',
  `like` tinyint(1) NOT NULL DEFAULT 0 COMMENT '[顶]',
  `unlike` tinyint(1) NOT NULL DEFAULT 0 COMMENT '[踩]',
  `ip` varchar(32) COLLATE utf8_bin DEFAULT NULL COMMENT '客户端IP',
  `create_at` int(11) DEFAULT NULL COMMENT '创建时间',
  `update_at` int(11) DEFAULT NULL COMMENT '更新时间',
  PRIMARY KEY (`id`)
) ENGINE=InnoDB AUTO_INCREMENT=2 DEFAULT CHARSET=utf8 COLLATE=utf8_bin;

-- ----------------------------
-- Records of kite_document_comments_like
-- ----------------------------
INSERT INTO `kite_document_comments_like` VALUES ('1', '1', '0', '1', '127.0.0.1', '1560939442', '1560939442');

-- ----------------------------
-- Table structure for kite_document_content
-- ----------------------------
DROP TABLE IF EXISTS `kite_document_content`;
CREATE TABLE `kite_document_content` (
  `id` int(11) NOT NULL AUTO_INCREMENT,
  `cid` int(11) NOT NULL DEFAULT 0 COMMENT '文档分类ID',
  `site_id` int(11) NOT NULL COMMENT '内容归属站点',
  `uid` int(11) DEFAULT NULL COMMENT '后台管理员发布者 UID',
  `title` varchar(255) COLLATE utf8_bin NOT NULL DEFAULT '' COMMENT '文档标题',
  `keywords` varchar(255) COLLATE utf8_bin NOT NULL DEFAULT '' COMMENT '文档关键词',
  `description` varchar(255) COLLATE utf8_bin NOT NULL DEFAULT '' COMMENT '描述',
  `content` longtext COLLATE utf8_bin DEFAULT NULL COMMENT '文档内容',
  `image` varchar(255) COLLATE utf8_bin DEFAULT NULL COMMENT '文档封面',
  `album` text COLLATE utf8_bin DEFAULT NULL COMMENT '图片集合',
  `status` tinyint(1) NOT NULL DEFAULT 0 COMMENT '0 待审 1通过',
  `image_flag` tinyint(1) NOT NULL DEFAULT 0 COMMENT '图片类型标识',
  `video_flag` tinyint(1) NOT NULL DEFAULT 0 COMMENT '视频类型标识',
  `attach_flag` tinyint(1) NOT NULL DEFAULT 0 COMMENT '附件类型标识',
  `hot_flag` tinyint(1) NOT NULL DEFAULT 0 COMMENT '热门标识',
  `recommend_flag` tinyint(1) NOT NULL DEFAULT 0 COMMENT '推荐标识',
  `focus_flag` tinyint(1) NOT NULL DEFAULT 0 COMMENT '焦点标识',
  `top_flag` tinyint(1) NOT NULL DEFAULT 0 COMMENT '置顶标识',
  `pv` int(11) NOT NULL DEFAULT 0 COMMENT '访问次数',
  `price` decimal(8,2) DEFAULT 0.00 COMMENT '售价',
  `role_id` int(11) NOT NULL DEFAULT 0 COMMENT '阅读权限限 0:游客组',
  `create_at` int(11) DEFAULT NULL COMMENT '创建时间',
  `update_at` int(11) DEFAULT NULL COMMENT '更新时间',
  PRIMARY KEY (`id`),
  UNIQUE KEY `id` (`id`) USING BTREE,
  KEY `title` (`title`) USING BTREE,
  KEY `site_id` (`site_id`) USING BTREE
) ENGINE=InnoDB AUTO_INCREMENT=11 DEFAULT CHARSET=utf8 COLLATE=utf8_bin;

-- ----------------------------
-- Records of kite_document_content
-- ----------------------------
INSERT INTO `kite_document_content` VALUES ('4', '12', '2', '1', 'HP Support Assistant v8.7.50.3 для Windows Бесплатно', '', '', 0x3C70207374796C653D22626F782D73697A696E673A20696E68657269743B206D617267696E2D746F703A203070783B206D617267696E2D626F74746F6D3A203172656D3B206C696E652D6865696768743A20323570783B20636F6C6F723A20726762283130332C203132382C20313539293B20666F6E742D66616D696C793A20526F626F746F2C2073616E732D73657269663B20666F6E742D73697A653A20313570783B2077686974652D73706163653A206E6F726D616C3B206261636B67726F756E642D636F6C6F723A20726762283235352C203235352C20323535293B223E3C7370616E207374796C653D22626F782D73697A696E673A20696E68657269743B20666F6E742D7765696768743A20626F6C6465723B223E485020537570706F727420417373697374616E74266E6273703B3C2F7370616E3EE2809320D0BED184D0B8D186D0B8D0B0D0BBD18CD0BDD18BD0B920D0BFD0B0D0BAD0B5D18220D0BFD180D0BED0B3D180D0B0D0BCD0BCD0BDD0BED0B3D0BE20D0BED0B1D0B5D181D0BFD0B5D187D0B5D0BDD0B8D18F20D0B4D0BBD18F20D180D0B0D0B1D0BED182D18B20D18120D0BED0B1D0BED180D183D0B4D0BED0B2D0B0D0BDD0B8D0B5D0BC20D0BED18220D0BAD0BED0BCD0BFD0B0D0BDD0B8D0B8204865776C657474205061636B6172642C20D0B220D187D0B8D181D0BBD0BE20D0BAD0BED182D0BED180D0BED0B3D0BE20D0B2D185D0BED0B4D0B8D18220D0BFD180D0B8D0BDD182D0B5D180D18B2C20D181D0BAD0B0D0BDD0B5D180D18B2C20D0BDD0BED183D182D0B1D183D0BAD0B82C20D0BFD0B5D180D181D0BED0BDD0B0D0BBD18CD0BDD18BD0B520D0BAD0BED0BCD0BFD18CD18ED182D0B5D180D18B20D0B820D0BCD0BDD0BED0B3D0BED0B520D0B4D180D183D0B3D0BED0B52E3C2F703E3C70207374796C653D22626F782D73697A696E673A20696E68657269743B206D617267696E2D746F703A203070783B206D617267696E2D626F74746F6D3A203172656D3B206C696E652D6865696768743A20323570783B20636F6C6F723A20726762283130332C203132382C20313539293B20666F6E742D66616D696C793A20526F626F746F2C2073616E732D73657269663B20666F6E742D73697A653A20313570783B2077686974652D73706163653A206E6F726D616C3B206261636B67726F756E642D636F6C6F723A20726762283235352C203235352C20323535293B223ED09FD180D0BED0B3D180D0B0D0BCD0BCD0B020D0B0D181D181D0B8D181D182D0B5D0BDD18220D0BFD0BE20D183D0BCD0BED0BBD187D0B0D0BDD0B8D18E20D0BFD180D0B5D0B4D183D181D182D0B0D0BDD0BED0B2D0BBD0B5D0BDD0B020D0BDD0B020D0B2D181D0B5D18520D0BDD0BED183D182D0B1D183D0BAD0B0D18520D0B820D0BAD0BED0BCD0BFD18CD18ED182D0B5D180D0B0D18520D0BED1822048502C20D0BDD0BE20D182D0B0D0BAD0B6D0B520D0BCD0BED0B6D0BDD0BE20D183D181D182D0B0D0BDD0BED0B2D0B8D182D18C20D0B820D0BDD0B020D0BBD18ED0B1D18BD0B520D0B4D180D183D0B3D0B8D0B520D0BAD0BED0BCD0BFD18CD18ED182D0B5D180D18B2C20D0B5D181D0BBD0B820D18DD182D0BE20D0BDD0B5D0BED0B1D185D0BED0B4D0B8D0BCD0BE2E3C2F703E3C70207374796C653D22626F782D73697A696E673A20696E68657269743B206D617267696E2D746F703A203070783B206D617267696E2D626F74746F6D3A203172656D3B206C696E652D6865696768743A20323570783B20636F6C6F723A20726762283130332C203132382C20313539293B20666F6E742D66616D696C793A20526F626F746F2C2073616E732D73657269663B20666F6E742D73697A653A20313570783B2077686974652D73706163653A206E6F726D616C3B206261636B67726F756E642D636F6C6F723A20726762283235352C203235352C20323535293B223ED09ED181D0BDD0BED0B2D0BDD0B0D18F20D0B7D0B0D0B4D0B0D187D0B020D0B0D181D181D0B8D181D182D0B5D0BDD182D0B020D183D0BFD180D0BED181D182D0B8D182D18C20D0B2D0B7D0B0D0B8D0BCD0BED0B4D0B5D0B9D181D182D0B2D0B8D0B520D0BCD0B5D0B6D0B4D18320D0BFD0BED0BBD18CD0B7D0BED0B2D0B0D182D0B5D0BBD0B5D0BC2C20D0BED0B1D0BED180D183D0B4D0BED0B2D0B0D0BDD0B8D0B5D0BC20D0B820D0BFD180D0BED0B3D180D0B0D0BCD0BCD0BDD18BD0BC20D0BED0B1D0B5D181D0BFD0B5D187D0B5D0BDD0B8D0B5D0BC2C20D0B7D0B020D181D187D0B5D18220D182D0BED0B3D0BE2C20D187D182D0BE20D0BFD180D0BED0B3D180D0B0D0BCD0BCD0B020D0B1D0B5D180D0B5D18220D0BDD0B020D181D0B5D0B1D18F20D0B2D181D0B520D0BED181D0BDD0BED0B2D0BDD18BD0B520D0B7D0B0D0B4D0B0D187D0B820D0BFD0BE20D0BED0BFD182D0B8D0BCD0B8D0B7D0B0D186D0B8D0B82C20D0BED0B1D0BDD0BED0B2D0BBD0B5D0BDD0B8D18E20D0BFD180D0BED0B3D180D0B0D0BCD0BCD0BDD0BED0B3D0BE20D0BED0B1D0B5D181D0BFD0B5D187D0B5D0BDD0B8D18F2C20D0B820D0BDD0B0D181D182D180D0BED0B9D0BAD0B820D0BAD0BED0BDD184D0B8D0B3D183D180D0B0D186D0B8D0B82C20D187D182D0BE20D0B220D181D0B2D0BED18E20D0BED187D0B5D180D0B5D0B4D18C20D0BFD180D0B8D0B2D0BED0B4D0B8D18220D0BA20D182D0BED0BCD18320D187D182D0BE20D0BFD180D18FD0BCD0BED0B520D183D187D0B0D181D182D0B8D0B520D0BFD0BED0BBD18CD0B7D0BED0B2D0B0D182D0B5D0BBD18F20D181D0B2D0BED0B4D0B8D182D181D18F20D0BA20D0BCD0B8D0BDD0B8D0BCD183D0BCD1832E3C2F703E3C70207374796C653D22626F782D73697A696E673A20696E68657269743B206D617267696E2D746F703A203070783B206D617267696E2D626F74746F6D3A203172656D3B206C696E652D6865696768743A20323570783B20636F6C6F723A20726762283130332C203132382C20313539293B20666F6E742D66616D696C793A20526F626F746F2C2073616E732D73657269663B20666F6E742D73697A653A20313570783B2077686974652D73706163653A206E6F726D616C3B206261636B67726F756E642D636F6C6F723A20726762283235352C203235352C20323535293B223ED09AD180D0BED0BCD0B520D182D0BED0B3D0BE2C20D181D182D0BED0B8D18220D0BED182D0BCD0B5D182D0B8D182D18C20D187D182D0BE20D0B220D181D0BED181D182D0B0D0B220485020537570706F727420417373697374616E7420D0B2D185D0BED0B4D0B8D18220D0BED0B1D188D0B8D180D0BDD0B0D18F20D0B4D0BED0BAD183D0BCD0B5D0BDD182D0B0D186D0B8D18F20D0B820D181D0BFD180D0B0D0B2D0BAD0B020D0BFD0BE20D0B2D181D0B5D0BC20D0B2D0B8D0B4D0B0D0BC20D0B2D18BD0BFD183D181D0BAD0B0D0B5D0BCD0BED0B920D0BFD180D0BED0B4D183D0BAD186D0B8D0B820D0BED1822048502C20D0B820D0B220D181D0BBD183D187D0B0D0B520D0BFD180D0BED0B1D0BBD0B5D0BC2C20D0BDD0B0D0BFD180D0B8D0BCD0B5D1802C20D18120D0BFD180D0B8D0BDD182D0B5D180D0BED0BC2C20D0BFD0BED0BBD18CD0B7D0BED0B2D0B0D182D0B5D0BBD18C20D0BBD0B5D0B3D0BAD0BE20D0BDD0B0D0B9D0B4D0B5D18220D0B2D181D18E20D0BDD0B5D0BED0B1D185D0BED0B4D0B8D0BCD183D18E20D0B8D0BDD184D0BED180D0BCD0B0D186D0B8D18E2C20D0BDD0B520D0BFD180D0B8D0B1D0B5D0B3D0B0D18F20D0BA20D0BFD0BED0B8D181D0BAD18320D0B220D0B8D0BDD182D0B5D180D0BDD0B5D182D0B52E3C2F703E3C70207374796C653D22626F782D73697A696E673A20696E68657269743B206D617267696E2D746F703A203070783B206D617267696E2D626F74746F6D3A203172656D3B206C696E652D6865696768743A20323570783B20636F6C6F723A20726762283130332C203132382C20313539293B20666F6E742D66616D696C793A20526F626F746F2C2073616E732D73657269663B20666F6E742D73697A653A20313570783B2077686974652D73706163653A206E6F726D616C3B206261636B67726F756E642D636F6C6F723A20726762283235352C203235352C20323535293B223ED095D189D0B520D0BED0B4D0BDD0BED0B920D0BFD0BED0BBD0B5D0B7D0BDD0BED0B920D0BDD0B020D0BCD0BED0B920D0B2D0B7D0B3D0BBD18FD0B420D0BED0BFD186D0B8D0B5D0B920D18FD0B2D0BBD18FD0B5D182D181D18F20D0B0D0B2D182D0BED0BCD0B0D182D0B8D187D0B5D181D0BAD0BED0B520D0BED0B1D0BDD0BED0B2D0BBD0B5D0BDD0B8D0B520D0B4D180D0B0D0B9D0B2D0B5D180D0BED0B22C20D0BED0BFD18FD182D18C20D0B6D0B520D0BFD180D0B8D0B2D0BED0B4D0B8D18220D0BA20D182D0BED0BCD18320D187D182D0BE20D0BFD0BED0BBD18CD0B7D0BED0B2D0B0D182D0B5D0BBD18E20D0BDD0B520D0BFD180D0B8D0B4D191D182D181D18F20D0B8D181D0BFD0BED0BBD18CD0B7D0BED0B2D0B0D182D18C2043442F44564420D0BFD180D0B8D0B2D0BED0B420D0B4D0BBD18F20D0B7D0B0D0BFD183D181D0BAD0B020D0B4D0B8D181D0BAD0B020D0B820D0B8D0BDD181D182D0B0D0BBD0BBD18FD186D0B8D0B820D0B4D180D0B0D0B9D0B2D0B5D180D0BED0B220D0B220D180D183D187D0BDD0BED0BC20D180D0B5D0B6D0B8D0BCD0B52C20D0B8D0BBD0B820D0BA20D0BFD0BED0B8D181D0BAD18320D187D0B5D180D0B5D0B720D0B8D0BDD182D0B5D180D0BDD0B5D1822C20D0B2D181D0B520D0BED0B1D0BED180D183D0B4D0BED0B2D0B0D0BDD0B8D0B520D0B1D183D0B4D0B5D18220D0BED0BFD180D0B5D0B4D0B5D0BBD0B5D0BDD0BE20D0B0D0B2D182D0BED0BCD0B0D182D0B8D187D0B5D181D0BAD0B820D0B820D0BFD180D0BED0B8D0BDD181D182D0B0D0BBD0BBD0B8D180D0BED0B2D0B0D0BDD18B20D0BFD0BED181D0BBD0B5D0B4D0BDD0B8D0B520D0B2D0B5D180D181D0B8D0B820D0B4D180D0B0D0B9D0B2D0B5D180D0BED0B22E3C2F703E3C70207374796C653D22626F782D73697A696E673A20696E68657269743B206D617267696E2D746F703A203070783B206D617267696E2D626F74746F6D3A203172656D3B206C696E652D6865696768743A20323570783B20636F6C6F723A20726762283130332C203132382C20313539293B20666F6E742D66616D696C793A20526F626F746F2C2073616E732D73657269663B20666F6E742D73697A653A20313570783B2077686974652D73706163653A206E6F726D616C3B206261636B67726F756E642D636F6C6F723A20726762283235352C203235352C20323535293B223ED09DD0BE20D0B820D18DD182D0BE20D0B5D189D0B520D0BDD0B520D0B2D181D0B52C20D090D181D181D0B8D181D182D0B5D0BDD18220D0BFD180D0B5D0B4D0BBD0B0D0B3D0B0D0B5D18220D0BDD0B0D0BC20D0B2D181D182D180D0BED0B5D0BDD0BDD18BD0B520D0B0D0B2D182D0BED0BCD0B0D182D0B8D0B7D0B8D180D0BED0B2D0B0D0BDD0BDD18BD0B520D181D180D0B5D0B4D181D182D0B2D0B020D0B4D0BBD18F20D180D0B5D188D0B5D0BDD0B8D18F20D0BFD180D0BED0B1D0BBD0B5D0BC20D0B2D0BED0B7D0BDD0B8D0BAD0BDD183D0B2D188D0B8D18520D0BDD0B5D0BFD0BED0BBD0B0D0B4D0BED0BA20D18120D0BED0B1D0BED180D183D0B4D0BED0B2D0B0D0BDD0B8D0B5D0BC2048502C20D0BFD0BED0B7D0B2D0BED0BBD18FD0B5D18220D180D0B5D188D0B8D182D18C20D181D0B0D0BCD18BD0B520D180D0B0D181D0BFD180D0BED181D182D180D0B0D0BDD191D0BDD0BDD18BD0B520D0BDD0B5D0BFD0BED0BBD0B0D0B4D0BAD0B82C20D0B020D0B5D181D0BBD0B820D0BDD0B520D0BFD0BED0BBD183D187D0B0D0B5D182D181D18F20D183D181D182D180D0B0D0BDD0B8D182D18C20D0BFD180D0BED0B1D0BBD0B5D0BCD1832C20D0BED182D0BFD180D0B0D0B2D0BBD18FD0B5D18220D0BDD0B0D18120D0BDD0B020D0BED184D0B8D186D0B8D0B0D0BBD18CD0BDD18BD0B520D181D0B0D0B9D1822C20D0B3D0B4D0B520D0BDD0B0D0BC20D0BFD0BED0BCD0BED0B3D183D18220D183D0B6D0B520D181D0BFD0B5D186D0B8D0B0D0BBD0B8D181D18220D0BAD0BED0BCD0BFD0B0D0BDD0B8D0B82E3C2F703E3C703E3C62722F3E3C2F703E, '/upload/20190616/744f5ca2fa8aad72596801fc5d4ccc32.png', '', '0', '1', '0', '0', '0', '0', '0', '0', '0', '0.00', '0', '1560620717', '1560853788');
INSERT INTO `kite_document_content` VALUES ('5', '11', '2', '1', 'test123123123', '', '', 0x3C703EE998BFE890A8E5BEB7E6B395E5B888E68993E58F913C2F703E, null, '', '0', '0', '0', '0', '0', '0', '0', '0', '0', '0.00', '0', '1560746522', '1560746522');
INSERT INTO `kite_document_content` VALUES ('7', '8', '1', '1', '图文资讯模板', '', '图文资讯模板', 0x3C703EE6A8A1E69DBF3C2F703E, '/upload/20190620/c0b302b007e8aef9e27036f4cbe7aeb3.jpg', '', '1', '1', '0', '1', '0', '0', '0', '0', '121', '0.00', '0', '1561008838', '1561959221');
INSERT INTO `kite_document_content` VALUES ('8', '11', '1', '1', '标签使用', '', '这是要给描述信息', 0x3C703E3131313C2F703E, null, '', '1', '0', '0', '0', '0', '0', '0', '0', '140', '0.10', '0', '1561011185', '1561958838');
INSERT INTO `kite_document_content` VALUES ('9', '17', '2', '1', '高级PHP工程师', '', '', 0x3C703EE8818CE4BD8DE68F8FE8BFB0EFBC9A3C2F703E3C703E3C62722F3E3C2F703E3C703EEFBC91EFBC8EE38080E99DA2E59091E5AFB9E8B1A1E79A84E5BC80E58F91EFBC8CE7869FE68289E887B3E5B091E4B880E4B8AAE4B8BBE6B581E5BC80E58F91E6A186E69EB6EFBC8CE69C89EFBD90EFBD88EFBD90E58F8AE585B6E79BB8E585B3E6A186E69EB6EFBC88E5A682EFBCACEFBD81EFBD92EFBD81EFBD96EFBD85EFBD8CEFBC89E5BC80E58F91E7BB8FE9AA8CE88085E4BC98E58588EFBC9B3C2F703E3C703EEFBC92EFBC8EE38080E5AFB9EFBCA7EFBD8FEFBD8CEFBD81EFBD8EEFBD87E69C89E585B4E8B6A3E68896E69C89E7BB8FE9AA8CE88085E4BC98E585883C2F703E3C703EEFBC93EFBC8EE38080E7869FE68289EFBD8DEFBD99EFBD93EFBD91EFBD8CE68896EFBD8DEFBD8FEFBD8EEFBD87EFBD8FE695B0E68DAEE5BA93E4BDBFE794A8E59CBAE699AF3C2F703E3C703EEFBC94EFBC8EE38080E980BBE8BE91E6B885E6A59AEFBC8CE6809DE7BBB4E6B885E699B0EFBC8CE6B29FE9809AE889AFE5A5BDEFBC8CE585B7E5A487E889AFE5A5BDE79A84E58886E69E90E38081E79086E8A7A3E38081E8A7A3E586B3E997AEE9A298E79A84E883BDE58A9BEFBC9B3C2F703E3C703EEFBC95EFBC8EE38080E5AF8CE69C89E59BA2E9989FE7B2BEE7A59EEFBC8CE684BFE6848FE68EA5E58F97E696B0E68A80E69CAFE696B0E6809DE7BBB4EFBC8CE5ADA6E4B9A0E883BDE58A9BE889AFE5A5BDE4BBA5E4B88AE380823C2F703E3C703E3C62722F3EE4BBBBE8818CE8A681E6B182EFBC9A3C2F703E3C703E3C62722F3EEFBC91E38081E887B3E5B091EFBC93E5B9B4E79A84E99DA2E59091E5AFB9E8B1A1E79A84EFBCB0EFBCA8EFBCB0E7BC96E7A88BE7BB8FE9AA8CE380823C62722F3EEFBC92E38081E68BA5E69C89E59CA8E7BABFE7BD91E7AB99E5AE9EE99985E7A094E58F91E7BB8FE9AA8CEFBC9B3C62722F3EEFBC93E38081E7B2BEE9809AEFBCADEFBD99EFBCB3EFBCB1EFBCACE695B0E68DAEE5BA93EFBC8CE8A1A8E8AEBEE8AEA1EFBC8CE680A7E883BDE8B083E4BC98EFBC8CE695B0E68DAEE5BA93EFBCB3EFBD88EFBD81EFBD92EFBD84E8AEBEE8AEA1EFBC88E695B0E68DAEE5BA93E58886E589B2EFBC8CE8A1A8E58886E589B2EFBC8CE69E84E5BBBAE695B0E68DAEE5BA93E99B86E7BEA4EFBC89EFBC9B3C62722F3EEFBC94E38081E7869FE68289E4B880E7A78DE4BBA5E4B88AE79A84EFBCB0EFBCA8EFBCB0E6A186E69EB63C62722F3EEFBC95E38081E8B4A3E4BBBBE5BF83E5BCBAEFBC8CE585B7E69C89E889AFE5A5BDE79A84E6B29FE9809AE38081E58D8FE4BD9CE883BDE58A9BE5928CE59BA2E9989FE59088E4BD9CE6848FE8AF86E380823C2F703E, '/upload/20190626/d4ba27fe921bc66b9d1bdb40e2dac63f.png', '', '1', '1', '0', '0', '0', '0', '0', '0', '0', '0.00', '0', '1561564146', '1561564146');
INSERT INTO `kite_document_content` VALUES ('10', '15', '2', '1', '中国自己的域名根服务器来了', '', '', 0x3C70207374796C653D22746578742D696E64656E743A2032656D3B20746578742D616C69676E3A206C6566743B223EE4B8ADE59BBDE887AAE5B7B1E79A84E59F9FE5908DE6A0B9E69C8DE58AA1E599A8E69DA5E4BA863C2F703E3C70207374796C653D22746578742D696E64656E743A2032656D3B20746578742D616C69676E3A206C6566743B223EE5B7A5E4BFA1E983A8E8A1A8E7A4BAEFBC8CE5908CE6848FE4B8ADE59BBDE4BA92E88194E7BD91E7BB9CE4BFA1E681AFE4B8ADE5BF83E8AEBEE7AB8BE59F9FE5908DE6A0B9E69C8DE58AA1E599A8EFBC88EFBCA6E38081EFBCA9E38081EFBCABE38081EFBCACE6A0B9E9959CE5838FE69C8DE58AA1E599A8EFBC89E58F8AE59F9FE5908DE6A0B9E69C8DE58AA1E599A8E8BF90E8A18CE69CBAE69E84EFBC8CE8B49FE8B4A3E8BF90E8A18CE38081E7BBB4E68AA4E5928CE7AEA1E79086E7BC96E58FB7E58886E588ABE4B8BAEFBCAAEFBCB8EFBC90EFBC90EFBC90EFBC91EFBCA6E38081EFBCAAEFBCB8EFBC90EFBC90EFBC90EFBC92EFBCA6E38081EFBCAAEFBCB8EFBC90EFBC90EFBC90EFBC93EFBCA9E38081EFBCAAEFBCB8EFBC90EFBC90EFBC90EFBC94EFBCABE38081EFBCAAEFBCB8EFBC90EFBC90EFBC90EFBC95EFBCACE38081EFBCAAEFBCB8EFBC90EFBC90EFBC90EFBC96EFBCACE79A84E59F9FE5908DE6A0B9E69C8DE58AA1E599A8E380823C2F703E3C70207374796C653D22746578742D696E64656E743A2032656D3B20746578742D616C69676E3A206C6566743B223EE5908CE697B6EFBC8CE5B7A5E4BFA1E983A8E8A681E6B182E4B8ADE59BBDE4BA92E88194E7BD91E7BB9CE4BFA1E681AFE4B8ADE5BF83E8A681E4B8A5E6A0BCE981B5E5AE88E3808AE4BA92E88194E7BD91E59F9FE5908DE7AEA1E79086E58A9EE6B395E3808BE3808AE9809AE4BFA1E7BD91E7BB9CE5AE89E585A8E998B2E68AA4E7AEA1E79086E58A9EE6B395E3808BE58F8AE79BB8E585B3E6B395E5BE8BE6B395E8A784E38081E8A18CE694BFE8A784E7ABA0E58F8AE8A18CE4B89AE7AEA1E79086E8A784E5AE9AEFBC8CE68EA5E58F97E68891E983A8E79A84E7AEA1E79086E5928CE79B91E79DA3E6A380E69FA5EFBC8CE5BBBAE7AB8BE7ACA6E59088E68891E983A8E8A681E6B182E79A84E4BFA1E681AFE7AEA1E79086E7B3BBE7BB9FE5B9B6E4B88EE68891E983A8E68C87E5AE9AE79A84E7AEA1E79086E7B3BBE7BB9FE5AFB9E68EA5EFBC8CE4BF9DE8AF81E59F9FE5908DE6A0B9E69C8DE58AA1E599A8E5AE89E585A8E38081E58FAFE99DA0E8BF90E8A18CEFBC8CE4B8BAE794A8E688B7E68F90E4BE9BE5AE89E585A8E38081E696B9E4BEBFE79A84E59F9FE5908DE69C8DE58AA1EFBC8CE4BF9DE99A9CE69C8DE58AA1E8B4A8E9878FEFBC8CE4BF9DE68AA4E794A8E688B7E4B8AAE4BABAE4BFA1E681AFE5AE89E585A8EFBC8CE7BBB4E68AA4E59BBDE5AEB6E588A9E79B8AE5928CE794A8E688B7E69D83E79B8AE380823C2F703E3C70207374796C653D22746578742D696E64656E743A2032656D3B20746578742D616C69676E3A206C6566743B223EE68FB4E5BC95E887AAE799BEE5BAA6E799BEE7A791E4BB8BE7BB8DEFBC9AE6A0B9E69C8DE58AA1E599A8E4B8BBE8A681E794A8E69DA5E7AEA1E79086E4BA92E88194E7BD91E79A84E4B8BBE79BAEE5BD95EFBC8CE585A8E4B896E7958CEFBCA9EFBCB0EFBD96EFBC94E6A0B9E69C8DE58AA1E599A8E58FAAE69C89EFBC91EFBC93E58FB0EFBC88E8BF99EFBC91EFBC93E58FB0EFBCA9EFBCB0EFBD96EFBC94E6A0B9E59F9FE5908DE69C8DE58AA1E599A8E5908DE5AD97E58886E588ABE4B8BAE2809CEFBCA1E2809DE887B3E2809CEFBCADE2809DEFBC89EFBC8CEFBC91E4B8AAE4B8BAE4B8BBE6A0B9E69C8DE58AA1E599A8E59CA8E7BE8EE59BBDE38082E585B6E4BD99EFBC91EFBC92E4B8AAE59D87E4B8BAE8BE85E6A0B9E69C8DE58AA1E599A8EFBC8CE585B6E4B8ADEFBC99E4B8AAE59CA8E7BE8EE59BBDEFBC8CE6ACA7E6B4B2EFBC92E4B8AAEFBC8CE4BD8DE4BA8EE88BB1E59BBDE5928CE7919EE585B8EFBC8CE4BA9AE6B4B2EFBC91E4B8AAE4BD8DE4BA8EE697A5E69CACE380823C2F703E3C70207374796C653D22746578742D696E64656E743A2032656D3B20746578742D616C69676E3A206C6566743B223EE59CA8E4B88EE78EB0E69C89EFBCA9EFBCB0EFBD96EFBC94E6A0B9E69C8DE58AA1E599A8E4BD93E7B3BBE69EB6E69E84E58585E58886E585BCE5AEB9E59FBAE7A180E4B88AEFBC8CE4B8ADE59BBDE4B8BBE5AFBCE2809CE99BAAE4BABAE8AEA1E58892E2809DE4BA8EEFBC92EFBC90EFBC91EFBC96E5B9B4E59CA8E585A8E79083EFBC91EFBC96E4B8AAE59BBDE5AEB6E5AE8CE68890EFBC92EFBC95E58FB0EFBCA9EFBCB0EFBD96EFBC96E6A0B9E69C8DE58AA1E599A8E69EB6E8AEBEEFBC8CE4BA8BE5AE9EE4B88AE5BDA2E68890E4BA86EFBC91EFBC93E58FB0E58E9FE69C89E6A0B9E58AA0EFBC92EFBC95E58FB0EFBCA9EFBCB0EFBD96EFBC96E6A0B9E79A84E696B0E6A0BCE5B180E38082E4B8ADE59BBDE983A8E7BDB2E4BA86E585B6E4B8ADE79A84EFBC94E58FB0EFBC8CE794B1EFBC91E58FB0E4B8BBE6A0B9E69C8DE58AA1E599A8E5928CEFBC93E58FB0E8BE85E6A0B9E69C8DE58AA1E599A8E7BB84E68890EFBC8CE68993E7A0B4E4BA86E4B8ADE59BBDE8BF87E58EBBE6B2A1E69C89E6A0B9E69C8DE58AA1E599A8E79A84E59BB0E5A283E380823C2F703E3C70207374796C653D22746578742D696E64656E743A2032656D3B20746578742D616C69676E3A206C6566743B223EE4BBA5E4B88BE698AFE5B7A5E4BFA1E983A8E689B9E5A48DE585A8E69687EFBC9A3C2F703E3C70207374796C653D22746578742D696E64656E743A2032656D3B20746578742D616C69676E3A206C6566743B223EE4B8ADE59BBDE4BA92E88194E7BD91E7BB9CE4BFA1E681AFE4B8ADE5BF83EFBC9A3C2F703E3C70207374796C653D22746578742D696E64656E743A2032656D3B20746578742D616C69676E3A206C6566743B223EE4BDA0E4B8ADE5BF83E585B3E4BA8EE8AEBEE7AB8BE59F9FE5908DE6A0B9E69C8DE58AA1E599A8EFBC88EFBCA6E38081EFBCA9E38081EFBCABE38081EFBCACE6A0B9E9959CE5838FE69C8DE58AA1E599A8EFBC89E58F8AE59F9FE5908DE6A0B9E69C8DE58AA1E599A8E8BF90E8A18CE69CBAE69E84E79A84E794B3E8AFB7E694B6E68289E38082E6A0B9E68DAEE3808AE4BA92E88194E7BD91E59F9FE5908DE7AEA1E79086E58A9EE6B395E3808BEFBC88E5B7A5E4B89AE5928CE4BFA1E681AFE58C96E983A8E4BBA4E7ACACEFBC94EFBC93E58FB7EFBC89E69C89E585B3E8A784E5AE9AEFBC8CE7BB8FE5AEA1E69FA5EFBC8CE78EB0E689B9E5A48DE5A682E4B88BEFBC9A3C2F703E3C70207374796C653D22746578742D696E64656E743A2032656D3B20746578742D616C69676E3A206C6566743B223EE4B880E38081E5908CE6848FE4BDA0E4B8ADE5BF83E8AEBEE7AB8BE59F9FE5908DE6A0B9E69C8DE58AA1E599A8EFBC88EFBCA6E38081EFBCA9E38081EFBCABE38081EFBCACE6A0B9E9959CE5838FE69C8DE58AA1E599A8EFBC89E58F8AE68890E4B8BAE59F9FE5908DE6A0B9E69C8DE58AA1E599A8E8BF90E8A18CE69CBAE69E84EFBC8CE8B49FE8B4A3E8BF90E8A18CE38081E7BBB4E68AA4E5928CE7AEA1E79086E7BC96E58FB7E58886E588ABE4B8BAEFBCAAEFBCB8EFBC90EFBC90EFBC90EFBC91EFBCA6E38081EFBCAAEFBCB8EFBC90EFBC90EFBC90EFBC92EFBCA6E38081EFBCAAEFBCB8EFBC90EFBC90EFBC90EFBC93EFBCA9E38081EFBCAAEFBCB8EFBC90EFBC90EFBC90EFBC94EFBCABE38081EFBCAAEFBCB8EFBC90EFBC90EFBC90EFBC95EFBCACE38081EFBCAAEFBCB8EFBC90EFBC90EFBC90EFBC96EFBCACE79A84E59F9FE5908DE6A0B9E69C8DE58AA1E599A8E380823C2F703E3C70207374796C653D22746578742D696E64656E743A2032656D3B20746578742D616C69676E3A206C6566743B223EE4BA8CE38081E4BDA0E4B8ADE5BF83E5BA94E4B8A5E6A0BCE981B5E5AE88E3808AE4BA92E88194E7BD91E59F9FE5908DE7AEA1E79086E58A9EE6B395E3808BE3808AE9809AE4BFA1E7BD91E7BB9CE5AE89E585A8E998B2E68AA4E7AEA1E79086E58A9EE6B395E3808BE58F8AE79BB8E585B3E6B395E5BE8BE6B395E8A784E38081E8A18CE694BFE8A784E7ABA0E58F8AE8A18CE4B89AE7AEA1E79086E8A784E5AE9AEFBC8CE68EA5E58F97E68891E983A8E79A84E7AEA1E79086E5928CE79B91E79DA3E6A380E69FA5EFBC8CE5BBBAE7AB8BE7ACA6E59088E68891E983A8E8A681E6B182E79A84E4BFA1E681AFE7AEA1E79086E7B3BBE7BB9FE5B9B6E4B88EE68891E983A8E68C87E5AE9AE79A84E7AEA1E79086E7B3BBE7BB9FE5AFB9E68EA5EFBC8CE4BF9DE8AF81E59F9FE5908DE6A0B9E69C8DE58AA1E599A8E5AE89E585A8E38081E58FAFE99DA0E8BF90E8A18CEFBC8CE4B8BAE794A8E688B7E68F90E4BE9BE5AE89E585A8E38081E696B9E4BEBFE79A84E59F9FE5908DE69C8DE58AA1EFBC8CE4BF9DE99A9CE69C8DE58AA1E8B4A8E9878FEFBC8CE4BF9DE68AA4E794A8E688B7E4B8AAE4BABAE4BFA1E681AFE5AE89E585A8EFBC8CE7BBB4E68AA4E59BBDE5AEB6E588A9E79B8AE5928CE794A8E688B7E69D83E79B8AE380823C2F703E3C70207374796C653D22746578742D696E64656E743A2032656D3B20746578742D616C69676E3A206C6566743B223EE4B889E38081E4BDA0E4B8ADE5BF83E5BA94E5BD93E588B6E5AE9AE5B9B6E4B88DE696ADE5AE8CE59684E59F9FE5908DE6A0B9E69C8DE58AA1E599A8E58F8AE59F9FE5908DE6A0B9E69C8DE58AA1E599A8E8BF90E8A18CE69CBAE69E84E79A84E7AEA1E79086E588B6E5BAA6EFBC9BE68C87E5AE9AE4B893E997A8E4BABAE59198E8B49FE8B4A3E59F9FE5908DE6A0B9E69C8DE58AA1E599A8E79A84E8BF90E8A18CE38081E7BBB4E68AA4E5928CE7AEA1E79086E5B7A5E4BD9CEFBC8CE5BBBAE7AB8BE59BBAE5AE9AE79A84E88194E7B3BBE69CBAE588B6EFBC9BE98089E68BA9E585B7E5A487E8B584E8B4A8E79A84E7BD91E7BB9CE68EA5E585A5E69C8DE58AA1E68F90E4BE9BE88085E4B8BAE59F9FE5908DE6A0B9E69C8DE58AA1E599A8E68F90E4BE9BE68EA5E585A5E69C8DE58AA1EFBC9BE59F9FE5908DE6A0B9E69C8DE58AA1E599A8E69CBAE688BFE59CB0E59D80E38081E4BA92E88194E7BD91E58D8FE8AEAEEFBC88EFBCA9EFBCB0EFBC89E59CB0E59D80E5928CE887AAE6B2BBE59F9FEFBC88EFBCA1EFBCB3EFBC89E58FB7E7A081E7AD89E4BFA1E681AFE58F91E7949FE58F98E69BB4E697B6EFBC8CE5BA94E5BD93E59CA8E58F98E69BB4E4B98BE697A5E5898DEFBC91EFBC95E697A5E4BBA5E4B9A6E99DA2E5BDA2E5BC8FE68AA5E98081E68891E983A8E380823C2F703E3C70207374796C653D22746578742D696E64656E743A2032656D3B20746578742D616C69676E3A206C6566743B223EE59B9BE38081E4BDA0E4B8ADE5BF83E5BA94E9858DE7BDAEE5BF85E8A681E79A84E7BD91E7BB9CE8B584E6BA90E4BBA5E58F8AE7BD91E7BB9CE5928CE9809AE4BFA1E5BA94E680A5E8AEBEE5A487EFBC8CE588B6E5AE9AE58887E5AE9EE69C89E69588E79A84E7BD91E7BB9CE9809AE4BFA1E4BF9DE99A9CE5928CE7BD91E7BB9CE4B88EE4BFA1E681AFE5AE89E585A8E5BA94E680A5E9A284E6A188EFBC8CE8AEBEE7AB8BE38081E9858DE5A487E4B893E8818CE7BD91E7BB9CE4B88EE4BFA1E681AFE5AE89E585A8E7AEA1E79086E69CBAE69E84E5928CE4BABAE59198EFBC8CE5BBBAE7AB8BE581A5E585A8E7BD91E7BB9CE4B88EE4BFA1E681AFE5AE89E585A8E588B6E5BAA6E4B88EE4BF9DE99A9CE68EAAE696BDEFBC8CE5BBBAE7AB8BE79BB8E5BA94E79A84E4B89AE58AA1E4B88EE5AE89E585A8E7AEA1E79086E7B3BBE7BB9FEFBC8CE5BBBAE8AEBEE79B91E6B58BE9A284E8ADA6E38081E5BA94E680A5E5A484E7BDAEE38081E695B0E68DAEE5A487E4BBBDE7AD89E5BF85E8A681E79A84E68A80E69CAFE6898BE6AEB5EFBC8CE5AE9AE69C9FE68AA5E98081E4BFA1E681AFEFBC8CE69C8DE4BB8EE68891E983A8E79A84E7BB9FE4B880E68C87E68CA5E4B88EE58D8FE8B083EFBC8CE9858DE59088E5BC80E5B195E79BB8E585B3E6B58BE8AF95E5928CE6BC94E7BB83EFBC8CE981B5E5AE88E79BB8E5BA94E79A84E7AEA1E79086E8A681E6B182E380823C2F703E3C70207374796C653D22746578742D696E64656E743A2032656D3B20746578742D616C69676E3A206C6566743B223EE4BA94E38081E4BDA0E4B8ADE5BF83E5BA94E5BD93E59CA8E6AF8FE5ADA3E5BAA6E7BB93E69D9FE5908EE79A84EFBC95E4B8AAE5B7A5E4BD9CE697A5E58685E5B086E59F9FE5908DE6A0B9E69C8DE58AA1E599A8E4B88AE4B880E5ADA3E5BAA6E79A84E4B89AE58AA1E5BC80E5B195E68385E586B5E38081E5AE89E585A8E8BF90E8A18CE68385E586B5E7AD89E4BFA1E681AFE68AA5E98081E68891E983A8EFBC88E4BCA0E79C9FEFBC9AEFBC90EFBC91EFBC90EFBC8DEFBC96EFBC96EFBC90EFBC93EFBC97EFBC90EFBC99EFBC97EFBC9BE794B5E5AD90E982AEE4BBB6EFBC9AEFBD84EFBD8FEFBD8DEFBD81EFBD89EFBD8EEFBCA0EFBD8DEFBD89EFBD89EFBD94EFBC8EEFBD87EFBD8FEFBD96EFBC8EEFBD83EFBD8EEFBC89E380823C2F703E3C70207374796C653D22746578742D696E64656E743A2032656D3B20746578742D616C69676E3A206C6566743B223EE585ADE38081E4BDA0E4B8ADE5BF83E59CA8E8BF90E8A18CE38081E7BBB4E68AA4E5928CE7AEA1E79086E59F9FE5908DE6A0B9E69C8DE58AA1E599A8E8BF87E7A88BE4B8ADE98187E588B0E997AEE9A298EFBC8CE99C80E58F8AE697B6E4BBA5E4B9A6E99DA2E5BDA2E5BC8FE68AA5E98081E68891E983A8E380823C2F703E3C70207374796C653D22746578742D696E64656E743A2032656D3B20746578742D616C69676E3A206C6566743B223EE4B883E38081E6ADA4E689B9E5A48DE887AAE58F91E5B883E4B98BE697A5E8B5B7E7949FE69588EFBC8CE69C89E69588E69C9FE4B8BAEFBC95E5B9B4E380823C2F703E3C70207374796C653D22746578742D696E64656E743A2032656D3B20746578742D616C69676E3A206C6566743B223EE6ADA4E5A48DE380823C2F703E3C70207374796C653D22746578742D696E64656E743A2032656D3B20746578742D616C69676E3A206C6566743B223EE5B7A5E4B89AE5928CE4BFA1E681AFE58C96E983A83C2F703E3C70207374796C653D22746578742D696E64656E743A2032656D3B20746578742D616C69676E3A206C6566743B223EEFBC92EFBC90EFBC91EFBC99E5B9B4EFBC96E69C88EFBC92EFBC94E697A5E38080E380803C2F703E, '/upload/20190626/f8594d9dc116ee24ec265deb036cd916.png', '', '1', '1', '0', '0', '0', '0', '0', '0', '0', '0.00', '0', '1561564244', '1561564244');

-- ----------------------------
-- Table structure for kite_document_content_extra
-- ----------------------------
DROP TABLE IF EXISTS `kite_document_content_extra`;
CREATE TABLE `kite_document_content_extra` (
  `id` int(11) NOT NULL AUTO_INCREMENT COMMENT '文档内容自定义ID',
  `document_id` int(11) NOT NULL COMMENT '文档ID',
  `type` char(20) COLLATE utf8_bin NOT NULL COMMENT '字段内容类型',
  `name` varchar(64) COLLATE utf8_bin NOT NULL DEFAULT '' COMMENT '字段名称',
  `variable` varchar(64) COLLATE utf8_bin NOT NULL DEFAULT '' COMMENT '字段变量',
  `key` varchar(255) COLLATE utf8_bin DEFAULT '' COMMENT '字段选项原始值',
  `value` text COLLATE utf8_bin DEFAULT NULL COMMENT '字段值',
  `create_at` int(11) DEFAULT NULL COMMENT '创建时间',
  `update_at` int(11) DEFAULT NULL COMMENT '更新时间',
  PRIMARY KEY (`id`),
  KEY `document_id` (`document_id`) USING BTREE,
  KEY `variable` (`variable`) USING BTREE,
  KEY `key` (`key`) USING BTREE
) ENGINE=InnoDB AUTO_INCREMENT=4 DEFAULT CHARSET=utf8 COLLATE=utf8_bin;

-- ----------------------------
-- Records of kite_document_content_extra
-- ----------------------------
INSERT INTO `kite_document_content_extra` VALUES ('1', '9', 'checkbox', '职位', 'zw', '3', 0xE7BE8EE69CAFE8AEBEE8AEA12C504850E5B7A5E7A88BE5B888, null, null);
INSERT INTO `kite_document_content_extra` VALUES ('2', '9', 'radio', '薪资待遇', 'dy', '2', 0x383030307E3130303030, null, null);
INSERT INTO `kite_document_content_extra` VALUES ('3', '9', 'radio', '工作地点', 'dd', '1', 0xE68890E983BD, null, null);

-- ----------------------------
-- Table structure for kite_document_content_like
-- ----------------------------
DROP TABLE IF EXISTS `kite_document_content_like`;
CREATE TABLE `kite_document_content_like` (
  `id` int(11) NOT NULL AUTO_INCREMENT,
  `document_id` int(11) NOT NULL COMMENT '文档ID',
  `like` tinyint(1) NOT NULL DEFAULT 0 COMMENT '[顶]',
  `unlike` tinyint(1) NOT NULL DEFAULT 0 COMMENT '[踩]',
  `ip` varchar(32) COLLATE utf8_bin DEFAULT NULL COMMENT '客户端IP',
  `create_at` int(11) DEFAULT NULL COMMENT '创建时间',
  `update_at` int(11) DEFAULT NULL COMMENT '更新时间',
  PRIMARY KEY (`id`)
) ENGINE=InnoDB DEFAULT CHARSET=utf8 COLLATE=utf8_bin;

-- ----------------------------
-- Records of kite_document_content_like
-- ----------------------------

-- ----------------------------
-- Table structure for kite_document_field
-- ----------------------------
DROP TABLE IF EXISTS `kite_document_field`;
CREATE TABLE `kite_document_field` (
  `id` int(11) NOT NULL AUTO_INCREMENT,
  `cid` int(11) NOT NULL COMMENT '字段归类',
  `site_id` int(11) NOT NULL COMMENT '模型归属站点',
  `name` varchar(64) COLLATE utf8_bin NOT NULL DEFAULT '' COMMENT '字段名称',
  `variable` varchar(64) COLLATE utf8_bin NOT NULL COMMENT '字段列名',
  `type` char(20) COLLATE utf8_bin NOT NULL DEFAULT '' COMMENT '字段类型',
  `sort` int(11) NOT NULL DEFAULT 0 COMMENT '权重排序',
  `is_require` tinyint(1) DEFAULT 0 COMMENT '0 正常 1必填',
  `is_filter` tinyint(1) DEFAULT NULL COMMENT '0正常 1筛选条件',
  `option` varchar(255) COLLATE utf8_bin NOT NULL DEFAULT '' COMMENT '字段内容选项',
  `description` varchar(255) COLLATE utf8_bin DEFAULT '' COMMENT '描述',
  `regular` varchar(255) COLLATE utf8_bin DEFAULT NULL COMMENT '正则表达式',
  `msg` varchar(255) COLLATE utf8_bin DEFAULT NULL COMMENT '验证失败提示语',
  `create_at` int(11) DEFAULT NULL COMMENT '创建时间',
  `update_at` int(11) DEFAULT NULL COMMENT '更新时间',
  PRIMARY KEY (`id`)
) ENGINE=InnoDB AUTO_INCREMENT=5 DEFAULT CHARSET=utf8 COLLATE=utf8_bin;

-- ----------------------------
-- Records of kite_document_field
-- ----------------------------
INSERT INTO `kite_document_field` VALUES ('1', '1', '2', '工作地点', 'dd', 'radio', '0', '0', '1', '1=成都\r\n2=绵阳\r\n2=重庆', '', '', '', '1561563781', '1561563781');
INSERT INTO `kite_document_field` VALUES ('2', '1', '2', '薪资待遇', 'dy', 'radio', '0', '0', '1', '1=5000~8000\r\n2=8000~10000\r\n2=大于10000', '', '', '', '1561563839', '1561563839');
INSERT INTO `kite_document_field` VALUES ('3', '1', '2', '职位', 'zw', 'checkbox', '0', '0', '1', '1=前台\r\n2=客服\r\n3=美术设计\r\n3=PHP工程师', '', '', '', '1561563949', '1561563949');
INSERT INTO `kite_document_field` VALUES ('4', '1', '1', '模板类型', 'type', 'radio', '0', '0', '1', '1=企业\r\n2=科技\r\n3=现代\r\n4=商业\r\n5=创意\r\n6=博客\r\n7=杂志\r\n8=营销\r\n9=单页\r\n10=政府\r\n11=多用途', '', '', '', '1561946863', '1561953848');

-- ----------------------------
-- Table structure for kite_document_model
-- ----------------------------
DROP TABLE IF EXISTS `kite_document_model`;
CREATE TABLE `kite_document_model` (
  `id` int(11) NOT NULL AUTO_INCREMENT COMMENT '模型ID',
  `site_id` int(11) NOT NULL COMMENT '模型归属站点',
  `name` varchar(64) COLLATE utf8_bin NOT NULL COMMENT '模型名称',
  `sort` int(11) NOT NULL DEFAULT 0 COMMENT '排序 越小越靠前',
  `create_at` int(11) DEFAULT NULL COMMENT '创建时间',
  `update_at` int(11) DEFAULT NULL COMMENT '更新时间',
  PRIMARY KEY (`id`)
) ENGINE=InnoDB AUTO_INCREMENT=6 DEFAULT CHARSET=utf8 COLLATE=utf8_bin;

-- ----------------------------
-- Records of kite_document_model
-- ----------------------------
INSERT INTO `kite_document_model` VALUES ('1', '1', '空模型', '1', '1541328594', '1561077574');
INSERT INTO `kite_document_model` VALUES ('2', '2', '空模型', '1', '1561563483', '1561563483');
INSERT INTO `kite_document_model` VALUES ('3', '2', '招聘模型', '2', '1561563667', '1561563961');
INSERT INTO `kite_document_model` VALUES ('4', '2', '产品模型', '3', '1561563677', '1561563677');
INSERT INTO `kite_document_model` VALUES ('5', '1', '模板模型', '2', '1561946081', '1561946875');

-- ----------------------------
-- Table structure for kite_document_model_field
-- ----------------------------
DROP TABLE IF EXISTS `kite_document_model_field`;
CREATE TABLE `kite_document_model_field` (
  `model_id` int(11) NOT NULL COMMENT '模型ID',
  `field_id` int(11) NOT NULL COMMENT '字段ID',
  `sort` int(11) NOT NULL DEFAULT 0 COMMENT '排序'
) ENGINE=InnoDB DEFAULT CHARSET=utf8 COLLATE=utf8_bin;

-- ----------------------------
-- Records of kite_document_model_field
-- ----------------------------
INSERT INTO `kite_document_model_field` VALUES ('3', '3', '0');
INSERT INTO `kite_document_model_field` VALUES ('3', '2', '1');
INSERT INTO `kite_document_model_field` VALUES ('3', '1', '2');
INSERT INTO `kite_document_model_field` VALUES ('5', '4', '0');

-- ----------------------------
-- Table structure for kite_hooks
-- ----------------------------
DROP TABLE IF EXISTS `kite_hooks`;
CREATE TABLE `kite_hooks` (
  `id` int(10) unsigned NOT NULL AUTO_INCREMENT COMMENT '主键',
  `name` varchar(40) NOT NULL DEFAULT '' COMMENT '钩子名称',
  `description` text DEFAULT NULL COMMENT '描述',
  `type` tinyint(1) unsigned NOT NULL DEFAULT 1 COMMENT '类型',
  `addons` varchar(255) NOT NULL DEFAULT '' COMMENT '钩子挂载的插件 ''，''分割',
  `status` tinyint(1) unsigned NOT NULL DEFAULT 1,
  `create_at` int(11) DEFAULT NULL COMMENT '创建时间',
  `update_at` int(11) DEFAULT NULL COMMENT '更新时间',
  PRIMARY KEY (`id`),
  UNIQUE KEY `name` (`name`)
) ENGINE=MyISAM AUTO_INCREMENT=4 DEFAULT CHARSET=utf8;

-- ----------------------------
-- Records of kite_hooks
-- ----------------------------
INSERT INTO `kite_hooks` VALUES ('1', 'pageHeader', '页面header钩子，一般用于加载插件CSS文件和代码', '1', '', '1', null, null);
INSERT INTO `kite_hooks` VALUES ('2', 'pageFooter', '页面footer钩子，一般用于加载插件JS文件和JS代码', '1', '', '1', null, null);
INSERT INTO `kite_hooks` VALUES ('3', 'AdminIndex', '首页小格子个性化显示', '2', 'demo', '1', null, '1561561552');

-- ----------------------------
-- Table structure for kite_language
-- ----------------------------
DROP TABLE IF EXISTS `kite_language`;
CREATE TABLE `kite_language` (
  `id` int(11) NOT NULL AUTO_INCREMENT,
  `name` varchar(255) COLLATE utf8_bin NOT NULL COMMENT '语言名称',
  `icon` varchar(255) COLLATE utf8_bin DEFAULT NULL,
  `sort` int(11) NOT NULL DEFAULT 0 COMMENT '权重排序 越大越靠后',
  `designation` varchar(255) COLLATE utf8_bin DEFAULT '' COMMENT '描述',
  PRIMARY KEY (`id`,`name`)
) ENGINE=InnoDB AUTO_INCREMENT=3 DEFAULT CHARSET=utf8 COLLATE=utf8_bin;

-- ----------------------------
-- Records of kite_language
-- ----------------------------
INSERT INTO `kite_language` VALUES ('1', 'zh-cn', null, '1', '简体中文(中国) ');
INSERT INTO `kite_language` VALUES ('2', 'en-us', null, '2', '英语(美国) ');

-- ----------------------------
-- Table structure for kite_link
-- ----------------------------
DROP TABLE IF EXISTS `kite_link`;
CREATE TABLE `kite_link` (
  `id` int(11) NOT NULL AUTO_INCREMENT COMMENT 'ID',
  `cid` int(11) DEFAULT 0 COMMENT '友情链接分类ID',
  `site_id` char(64) COLLATE utf8_bin NOT NULL DEFAULT '' COMMENT '网站编号',
  `name` varchar(64) CHARACTER SET utf8 NOT NULL DEFAULT '' COMMENT '网站名称',
  `url` varchar(64) CHARACTER SET utf8 NOT NULL DEFAULT '' COMMENT '网站地址',
  `logo` varchar(255) CHARACTER SET utf8 NOT NULL DEFAULT '' COMMENT 'logo地址',
  `sort` int(11) NOT NULL DEFAULT 0 COMMENT '排序',
  `status` tinyint(1) NOT NULL DEFAULT 0 COMMENT '状态： 0隐藏  1 显示',
  PRIMARY KEY (`id`)
) ENGINE=InnoDB AUTO_INCREMENT=2 DEFAULT CHARSET=utf8 COLLATE=utf8_bin;

-- ----------------------------
-- Records of kite_link
-- ----------------------------
INSERT INTO `kite_link` VALUES ('1', '1', '1', '袖珍书', 'http://www.xiuzhenshu.com', '', '1', '1');

-- ----------------------------
-- Table structure for kite_log
-- ----------------------------
DROP TABLE IF EXISTS `kite_log`;
CREATE TABLE `kite_log` (
  `id` int(11) NOT NULL AUTO_INCREMENT,
  `uid` int(11) DEFAULT NULL,
  `site_id` int(11) DEFAULT NULL,
  `title` varchar(255) COLLATE utf8_bin DEFAULT NULL COMMENT '操作类型',
  `content` varchar(255) COLLATE utf8_bin DEFAULT NULL COMMENT '操作内容',
  `ip` char(32) COLLATE utf8_bin DEFAULT NULL,
  `create_at` int(11) DEFAULT NULL,
  PRIMARY KEY (`id`)
) ENGINE=InnoDB AUTO_INCREMENT=224 DEFAULT CHARSET=utf8 COLLATE=utf8_bin;

-- ----------------------------
-- Records of kite_log
-- ----------------------------
INSERT INTO `kite_log` VALUES ('1', '1', null, null, null, '171.221.254.149', '1540453386');
INSERT INTO `kite_log` VALUES ('2', '1', null, null, null, '171.221.254.149', '1540862715');
INSERT INTO `kite_log` VALUES ('3', null, '1', null, null, '171.221.254.149', '1540863288');
INSERT INTO `kite_log` VALUES ('4', '1', null, null, null, '171.221.254.149', '1540974277');
INSERT INTO `kite_log` VALUES ('5', '1', null, null, null, '171.88.1.80', '1541328472');
INSERT INTO `kite_log` VALUES ('6', '1', null, null, null, '171.221.254.149', '1541386371');
INSERT INTO `kite_log` VALUES ('7', '1', null, null, null, '171.221.254.149', '1541470914');
INSERT INTO `kite_log` VALUES ('8', '1', null, null, null, '171.221.254.149', '1541557011');
INSERT INTO `kite_log` VALUES ('9', '1', null, null, null, '171.221.254.149', '1541557012');
INSERT INTO `kite_log` VALUES ('10', '1', null, null, null, '171.221.254.149', '1546392687');
INSERT INTO `kite_log` VALUES ('11', '1', null, null, null, '171.221.254.149', '1548224084');
INSERT INTO `kite_log` VALUES ('12', '1', null, null, null, '171.221.254.149', '1548906765');
INSERT INTO `kite_log` VALUES ('13', '1', null, null, null, '171.221.254.149', '1548906961');
INSERT INTO `kite_log` VALUES ('14', '1', null, null, null, '171.221.254.149', '1548907034');
INSERT INTO `kite_log` VALUES ('15', '1', null, null, null, '171.221.254.149', '1550041007');
INSERT INTO `kite_log` VALUES ('16', '1', null, null, null, '171.221.254.149', '1550823764');
INSERT INTO `kite_log` VALUES ('17', '1', null, null, null, '171.221.254.149', '1551152378');
INSERT INTO `kite_log` VALUES ('18', '1', null, null, null, '171.221.254.149', '1551153402');
INSERT INTO `kite_log` VALUES ('19', '1', null, null, null, '183.155.199.253', '1551153413');
INSERT INTO `kite_log` VALUES ('20', '1', null, null, null, '120.229.70.69', '1551153414');
INSERT INTO `kite_log` VALUES ('21', '1', null, null, null, '218.66.10.207', '1551153425');
INSERT INTO `kite_log` VALUES ('22', '1', null, null, null, '117.136.49.19', '1551154229');
INSERT INTO `kite_log` VALUES ('23', '1', null, null, null, '223.104.211.245', '1551154912');
INSERT INTO `kite_log` VALUES ('24', '1', null, null, null, '183.160.236.112', '1551159273');
INSERT INTO `kite_log` VALUES ('25', '1', null, null, null, '171.221.254.149', '1551251057');
INSERT INTO `kite_log` VALUES ('26', '1', null, null, null, '171.221.254.149', '1551339438');
INSERT INTO `kite_log` VALUES ('27', '1', null, null, null, '171.221.254.149', '1551339924');
INSERT INTO `kite_log` VALUES ('28', '1', null, null, null, '127.0.0.1', '1551346512');
INSERT INTO `kite_log` VALUES ('29', '1', null, null, null, '117.136.64.89', '1552019659');
INSERT INTO `kite_log` VALUES ('30', '1', null, null, null, '117.136.62.50', '1552051767');
INSERT INTO `kite_log` VALUES ('31', '1', null, null, null, '49.87.216.15', '1552266923');
INSERT INTO `kite_log` VALUES ('32', '1', null, null, null, '42.49.254.238', '1552271282');
INSERT INTO `kite_log` VALUES ('33', '1', null, null, null, '61.49.251.78', '1552377994');
INSERT INTO `kite_log` VALUES ('34', '1', null, null, null, '115.51.116.190', '1552401793');
INSERT INTO `kite_log` VALUES ('35', '1', null, null, null, '219.140.121.117', '1552459931');
INSERT INTO `kite_log` VALUES ('36', '1', null, null, null, '113.116.196.103', '1552465913');
INSERT INTO `kite_log` VALUES ('37', '1', null, null, null, '1.27.214.126', '1552482800');
INSERT INTO `kite_log` VALUES ('38', '1', null, null, null, '114.219.167.51', '1552544498');
INSERT INTO `kite_log` VALUES ('39', '1', null, null, null, '219.136.2.18', '1552548476');
INSERT INTO `kite_log` VALUES ('40', '1', null, null, null, '183.11.39.156', '1552557119');
INSERT INTO `kite_log` VALUES ('41', '1', null, null, null, '120.85.206.204', '1552558284');
INSERT INTO `kite_log` VALUES ('42', '1', null, null, null, '182.150.160.25', '1552583324');
INSERT INTO `kite_log` VALUES ('43', '1', null, null, null, '113.105.128.67', '1552618208');
INSERT INTO `kite_log` VALUES ('44', '1', null, null, null, '42.49.254.238', '1552635940');
INSERT INTO `kite_log` VALUES ('45', '1', null, null, null, '223.104.9.200', '1552738330');
INSERT INTO `kite_log` VALUES ('46', '1', null, null, null, '115.60.18.139', '1552901624');
INSERT INTO `kite_log` VALUES ('47', '1', null, null, null, '116.117.253.251', '1553047267');
INSERT INTO `kite_log` VALUES ('48', '1', null, null, null, '39.186.168.112', '1553083466');
INSERT INTO `kite_log` VALUES ('49', '1', null, null, null, '58.38.170.168', '1553091335');
INSERT INTO `kite_log` VALUES ('50', '1', null, null, null, '183.48.245.90', '1553094205');
INSERT INTO `kite_log` VALUES ('51', '1', null, null, null, '113.68.12.76', '1553136159');
INSERT INTO `kite_log` VALUES ('52', '1', null, null, null, '113.68.12.76', '1553136159');
INSERT INTO `kite_log` VALUES ('53', '1', null, null, null, '223.91.202.58', '1553173624');
INSERT INTO `kite_log` VALUES ('54', '1', null, null, null, '220.202.232.195', '1553236565');
INSERT INTO `kite_log` VALUES ('55', '1', null, null, null, '27.18.211.41', '1553262436');
INSERT INTO `kite_log` VALUES ('56', '1', null, null, null, '171.213.40.141', '1553272098');
INSERT INTO `kite_log` VALUES ('57', '1', null, null, null, '113.194.80.14', '1553306295');
INSERT INTO `kite_log` VALUES ('58', '1', null, null, null, '221.237.179.164', '1553395834');
INSERT INTO `kite_log` VALUES ('59', '1', null, null, null, '119.84.153.208', '1553446435');
INSERT INTO `kite_log` VALUES ('60', '1', null, null, null, '39.129.3.145', '1553477189');
INSERT INTO `kite_log` VALUES ('61', '1', null, null, null, '183.199.79.59', '1553516256');
INSERT INTO `kite_log` VALUES ('62', '1', null, null, null, '223.104.216.103', '1553529361');
INSERT INTO `kite_log` VALUES ('63', '1', null, null, null, '113.111.10.38', '1553575351');
INSERT INTO `kite_log` VALUES ('64', '1', null, null, null, '123.232.4.66', '1553582290');
INSERT INTO `kite_log` VALUES ('65', '1', null, null, null, '171.113.141.125', '1553607762');
INSERT INTO `kite_log` VALUES ('66', '1', null, null, null, '117.136.72.162', '1553614268');
INSERT INTO `kite_log` VALUES ('67', '1', null, null, null, '171.221.71.198', '1553649500');
INSERT INTO `kite_log` VALUES ('68', '1', null, null, null, '222.244.118.36', '1553709787');
INSERT INTO `kite_log` VALUES ('69', '1', null, null, null, '222.133.194.94', '1553764641');
INSERT INTO `kite_log` VALUES ('70', '1', null, null, null, '124.118.42.240', '1553784575');
INSERT INTO `kite_log` VALUES ('71', '1', null, null, null, '182.204.211.33', '1554011133');
INSERT INTO `kite_log` VALUES ('72', '1', null, null, null, '59.46.28.194', '1554078157');
INSERT INTO `kite_log` VALUES ('73', '1', null, null, null, '183.33.74.42', '1554105292');
INSERT INTO `kite_log` VALUES ('74', '1', null, null, null, '114.238.52.141', '1554169016');
INSERT INTO `kite_log` VALUES ('75', '1', null, null, null, '39.130.3.140', '1554182601');
INSERT INTO `kite_log` VALUES ('76', '1', null, null, null, '222.223.124.183', '1554192491');
INSERT INTO `kite_log` VALUES ('77', '1', null, null, null, '39.130.3.62', '1554250635');
INSERT INTO `kite_log` VALUES ('78', '1', null, null, null, '218.29.85.50', '1554342713');
INSERT INTO `kite_log` VALUES ('79', '1', null, null, null, '127.0.0.1', '1554380668');
INSERT INTO `kite_log` VALUES ('80', '1', null, null, null, '117.154.3.15', '1554644624');
INSERT INTO `kite_log` VALUES ('81', '1', null, null, null, '113.247.70.219', '1554715681');
INSERT INTO `kite_log` VALUES ('82', '1', null, null, null, '219.129.193.55', '1554715782');
INSERT INTO `kite_log` VALUES ('83', '1', null, null, null, '59.42.206.7', '1554778686');
INSERT INTO `kite_log` VALUES ('84', '1', null, null, null, '1.192.63.53', '1554787597');
INSERT INTO `kite_log` VALUES ('85', '1', null, null, null, '1.192.63.53', '1554787597');
INSERT INTO `kite_log` VALUES ('86', '1', null, null, null, '1.192.63.53', '1554787597');
INSERT INTO `kite_log` VALUES ('87', '1', null, null, null, '1.192.63.53', '1554787597');
INSERT INTO `kite_log` VALUES ('88', '1', null, null, null, '1.192.63.53', '1554787597');
INSERT INTO `kite_log` VALUES ('89', '1', null, null, null, '1.192.63.53', '1554787597');
INSERT INTO `kite_log` VALUES ('90', '1', null, null, null, '1.192.63.53', '1554787597');
INSERT INTO `kite_log` VALUES ('91', '1', null, null, null, '1.192.63.53', '1554787597');
INSERT INTO `kite_log` VALUES ('92', '1', null, null, null, '1.192.63.53', '1554787597');
INSERT INTO `kite_log` VALUES ('93', '1', null, null, null, '1.192.63.53', '1554787598');
INSERT INTO `kite_log` VALUES ('94', '1', null, null, null, '1.192.63.53', '1554787598');
INSERT INTO `kite_log` VALUES ('95', '1', null, null, null, '1.192.63.53', '1554787598');
INSERT INTO `kite_log` VALUES ('96', '1', null, null, null, '1.192.63.53', '1554787598');
INSERT INTO `kite_log` VALUES ('97', '1', null, null, null, '1.192.63.53', '1554787598');
INSERT INTO `kite_log` VALUES ('98', '1', null, null, null, '1.80.83.230', '1554876925');
INSERT INTO `kite_log` VALUES ('99', '1', null, null, null, '39.130.3.36', '1555028195');
INSERT INTO `kite_log` VALUES ('100', '1', null, null, null, '119.123.32.68', '1555060930');
INSERT INTO `kite_log` VALUES ('101', '1', null, null, null, '27.26.4.187', '1555144838');
INSERT INTO `kite_log` VALUES ('102', '1', null, null, null, '101.83.163.177', '1555162807');
INSERT INTO `kite_log` VALUES ('103', '1', null, null, null, '111.14.87.65', '1555197640');
INSERT INTO `kite_log` VALUES ('104', '1', null, null, null, '58.53.131.174', '1555297919');
INSERT INTO `kite_log` VALUES ('105', '1', null, null, null, '36.6.47.57', '1555419390');
INSERT INTO `kite_log` VALUES ('106', '1', null, null, null, '112.91.254.2', '1555491606');
INSERT INTO `kite_log` VALUES ('107', '1', null, null, null, '202.100.205.245', '1555499700');
INSERT INTO `kite_log` VALUES ('108', '1', null, null, null, '120.234.2.146', '1555573861');
INSERT INTO `kite_log` VALUES ('109', '1', null, null, null, '118.121.13.9', '1555599991');
INSERT INTO `kite_log` VALUES ('110', '1', null, null, null, '111.14.89.96', '1555628444');
INSERT INTO `kite_log` VALUES ('111', '1', null, null, null, '49.118.203.24', '1555644505');
INSERT INTO `kite_log` VALUES ('112', '1', null, null, null, '49.118.203.24', '1555662401');
INSERT INTO `kite_log` VALUES ('113', '1', null, null, null, '119.129.226.116', '1555695847');
INSERT INTO `kite_log` VALUES ('114', '1', null, null, null, '61.147.108.203', '1555775954');
INSERT INTO `kite_log` VALUES ('115', '1', null, null, null, '113.93.90.18', '1555856746');
INSERT INTO `kite_log` VALUES ('116', '1', null, null, null, '110.152.38.175', '1555902123');
INSERT INTO `kite_log` VALUES ('117', '1', null, null, null, '106.114.236.57', '1555902785');
INSERT INTO `kite_log` VALUES ('118', '1', null, null, null, '39.77.158.88', '1556076232');
INSERT INTO `kite_log` VALUES ('119', '1', null, null, null, '119.164.27.176', '1556104424');
INSERT INTO `kite_log` VALUES ('120', '1', null, null, null, '119.164.27.176', '1556104426');
INSERT INTO `kite_log` VALUES ('121', '1', null, null, null, '121.233.6.125', '1556199640');
INSERT INTO `kite_log` VALUES ('122', '1', null, null, null, '112.229.233.71', '1556355690');
INSERT INTO `kite_log` VALUES ('123', '1', null, null, null, '117.94.92.171', '1556414697');
INSERT INTO `kite_log` VALUES ('124', '1', null, null, null, '223.84.210.181', '1556442180');
INSERT INTO `kite_log` VALUES ('125', '1', null, null, null, '113.71.139.203', '1556505702');
INSERT INTO `kite_log` VALUES ('126', '1', null, null, null, '117.136.36.212', '1556539159');
INSERT INTO `kite_log` VALUES ('127', '1', null, null, null, '171.106.19.9', '1556634737');
INSERT INTO `kite_log` VALUES ('128', '1', null, null, null, '182.35.110.211', '1556817074');
INSERT INTO `kite_log` VALUES ('129', '1', null, null, null, '171.11.6.59', '1557018100');
INSERT INTO `kite_log` VALUES ('130', '1', null, null, null, '120.239.151.74', '1557110835');
INSERT INTO `kite_log` VALUES ('131', '1', null, null, null, '110.152.252.221', '1557156687');
INSERT INTO `kite_log` VALUES ('132', '1', null, null, null, '211.142.128.229', '1557474821');
INSERT INTO `kite_log` VALUES ('133', '1', null, null, null, '49.118.207.247', '1557544502');
INSERT INTO `kite_log` VALUES ('134', '1', null, null, null, '223.104.3.56', '1557567272');
INSERT INTO `kite_log` VALUES ('135', '1', null, null, null, '122.225.137.83', '1557671393');
INSERT INTO `kite_log` VALUES ('136', '1', null, null, null, '119.57.136.138', '1557826414');
INSERT INTO `kite_log` VALUES ('137', '1', null, null, null, '119.123.206.41', '1557932759');
INSERT INTO `kite_log` VALUES ('138', '1', null, null, null, '117.44.182.4', '1558086012');
INSERT INTO `kite_log` VALUES ('139', '1', null, null, null, '183.14.90.137', '1558414752');
INSERT INTO `kite_log` VALUES ('140', '1', null, null, null, '88.17.80.190', '1558484857');
INSERT INTO `kite_log` VALUES ('141', '1', null, null, null, '221.237.127.247', '1558503745');
INSERT INTO `kite_log` VALUES ('142', '1', null, null, null, '113.70.36.72', '1558505345');
INSERT INTO `kite_log` VALUES ('143', '1', null, null, null, '183.63.76.194', '1558512455');
INSERT INTO `kite_log` VALUES ('144', '1', null, null, null, '223.241.92.38', '1558591861');
INSERT INTO `kite_log` VALUES ('145', '1', null, null, null, '210.13.84.70', '1558592430');
INSERT INTO `kite_log` VALUES ('146', '1', null, null, null, '112.51.22.104', '1558632784');
INSERT INTO `kite_log` VALUES ('147', '1', null, null, null, '220.175.154.221', '1558704904');
INSERT INTO `kite_log` VALUES ('148', '1', null, null, null, '117.163.237.147', '1558713106');
INSERT INTO `kite_log` VALUES ('149', '1', null, null, null, '1.25.64.104', '1558773582');
INSERT INTO `kite_log` VALUES ('150', '1', null, null, null, '218.62.244.68', '1559040872');
INSERT INTO `kite_log` VALUES ('151', '1', null, null, null, '220.182.61.17', '1559110814');
INSERT INTO `kite_log` VALUES ('152', '1', null, null, null, '220.182.61.17', '1559110814');
INSERT INTO `kite_log` VALUES ('153', '1', null, null, null, '124.205.75.106', '1559112622');
INSERT INTO `kite_log` VALUES ('154', '1', null, null, null, '202.168.163.101', '1559496185');
INSERT INTO `kite_log` VALUES ('155', '1', null, null, null, '223.78.224.88', '1559543552');
INSERT INTO `kite_log` VALUES ('156', '1', null, null, null, '42.243.22.116', '1559645694');
INSERT INTO `kite_log` VALUES ('157', '1', null, null, null, '1.205.117.242', '1559647187');
INSERT INTO `kite_log` VALUES ('158', '1', null, null, null, '1.205.117.242', '1559647189');
INSERT INTO `kite_log` VALUES ('159', '1', null, null, null, '1.205.117.242', '1559647197');
INSERT INTO `kite_log` VALUES ('160', '1', null, null, null, '125.75.54.108', '1559661902');
INSERT INTO `kite_log` VALUES ('161', '1', null, null, null, '36.34.4.217', '1559737942');
INSERT INTO `kite_log` VALUES ('162', '1', null, null, null, '113.27.67.222', '1559747397');
INSERT INTO `kite_log` VALUES ('163', '1', null, null, null, '112.49.87.203', '1559829856');
INSERT INTO `kite_log` VALUES ('164', '3', null, null, null, '118.112.40.110', '1560098231');
INSERT INTO `kite_log` VALUES ('165', '1', null, null, null, '118.112.40.110', '1560098270');
INSERT INTO `kite_log` VALUES ('166', '1', null, null, null, '118.112.40.110', '1560174800');
INSERT INTO `kite_log` VALUES ('167', null, '1', null, null, '118.112.40.110', '1560180662');
INSERT INTO `kite_log` VALUES ('168', '1', null, null, null, '39.152.1.188', '1560214269');
INSERT INTO `kite_log` VALUES ('169', '1', null, null, null, '113.56.206.133', '1560246895');
INSERT INTO `kite_log` VALUES ('170', '1', null, null, null, '218.22.21.251', '1560498010');
INSERT INTO `kite_log` VALUES ('171', '1', null, null, null, '27.188.183.228', '1560573714');
INSERT INTO `kite_log` VALUES ('172', '1', null, null, null, '89.189.172.170', '1560620529');
INSERT INTO `kite_log` VALUES ('173', '1', null, null, null, '89.189.172.170', '1560620537');
INSERT INTO `kite_log` VALUES ('174', '1', null, null, null, '115.192.64.124', '1560668229');
INSERT INTO `kite_log` VALUES ('175', '1', null, null, null, '58.62.110.170', '1560731587');
INSERT INTO `kite_log` VALUES ('176', '1', null, null, null, '113.120.49.84', '1560746139');
INSERT INTO `kite_log` VALUES ('177', '1', null, null, null, '118.112.40.110', '1560765646');
INSERT INTO `kite_log` VALUES ('178', '1', null, null, null, '118.112.40.110', '1560765914');
INSERT INTO `kite_log` VALUES ('179', null, '1', null, null, '118.112.40.110', '1560767289');
INSERT INTO `kite_log` VALUES ('180', '1', null, null, null, '127.0.0.1', '1560774502');
INSERT INTO `kite_log` VALUES ('181', '1', null, null, null, '127.0.0.1', '1560825576');
INSERT INTO `kite_log` VALUES ('182', null, '1', null, null, '127.0.0.1', '1560839375');
INSERT INTO `kite_log` VALUES ('183', '1', null, null, null, '127.0.0.1', '1560845537');
INSERT INTO `kite_log` VALUES ('184', '4', null, null, null, '127.0.0.1', '1560852851');
INSERT INTO `kite_log` VALUES ('185', '2', null, null, null, '127.0.0.1', '1560853674');
INSERT INTO `kite_log` VALUES ('186', '2', null, null, null, '127.0.0.1', '1560937195');
INSERT INTO `kite_log` VALUES ('187', '1', null, null, null, '127.0.0.1', '1560937547');
INSERT INTO `kite_log` VALUES ('188', '2', null, null, null, '127.0.0.1', '1560995708');
INSERT INTO `kite_log` VALUES ('189', '1', null, null, null, '127.0.0.1', '1560995722');
INSERT INTO `kite_log` VALUES ('190', '1', null, null, null, '127.0.0.1', '1561048763');
INSERT INTO `kite_log` VALUES ('191', '1', null, null, null, '127.0.0.1', '1561049910');
INSERT INTO `kite_log` VALUES ('192', '1', null, null, null, '127.0.0.1', '1561076870');
INSERT INTO `kite_log` VALUES ('193', '1', null, null, null, '127.0.0.1', '1561082173');
INSERT INTO `kite_log` VALUES ('194', '1', null, null, null, '127.0.0.1', '1561289492');
INSERT INTO `kite_log` VALUES ('195', '1', null, null, null, '127.0.0.1', '1561299950');
INSERT INTO `kite_log` VALUES ('196', '1', null, null, null, '127.0.0.1', '1561300005');
INSERT INTO `kite_log` VALUES ('197', '1', null, null, null, '127.0.0.1', '1561300023');
INSERT INTO `kite_log` VALUES ('198', '2', null, null, null, '127.0.0.1', '1561301750');
INSERT INTO `kite_log` VALUES ('199', '1', null, null, null, '127.0.0.1', '1561301758');
INSERT INTO `kite_log` VALUES ('200', '2', null, null, null, '127.0.0.1', '1561301773');
INSERT INTO `kite_log` VALUES ('201', '1', null, null, null, '127.0.0.1', '1561301782');
INSERT INTO `kite_log` VALUES ('202', '2', null, null, null, '127.0.0.1', '1561302336');
INSERT INTO `kite_log` VALUES ('203', '1', null, null, null, '127.0.0.1', '1561302345');
INSERT INTO `kite_log` VALUES ('204', '1', null, null, null, '127.0.0.1', '1561302413');
INSERT INTO `kite_log` VALUES ('205', '2', null, null, null, '127.0.0.1', '1561302544');
INSERT INTO `kite_log` VALUES ('206', '1', null, null, null, '127.0.0.1', '1561302561');
INSERT INTO `kite_log` VALUES ('207', '1', null, null, null, '127.0.0.1', '1561340235');
INSERT INTO `kite_log` VALUES ('208', '1', null, null, null, '127.0.0.1', '1561422473');
INSERT INTO `kite_log` VALUES ('209', '1', null, null, null, '127.0.0.1', '1561520635');
INSERT INTO `kite_log` VALUES ('210', '1', null, null, null, '127.0.0.1', '1561545486');
INSERT INTO `kite_log` VALUES ('211', '1', null, null, null, '127.0.0.1', '1561564790');
INSERT INTO `kite_log` VALUES ('212', '1', null, null, null, '127.0.0.1', '1561568463');
INSERT INTO `kite_log` VALUES ('213', '1', null, null, null, '127.0.0.1', '1561568490');
INSERT INTO `kite_log` VALUES ('214', '1', null, null, null, '127.0.0.1', '1561568614');
INSERT INTO `kite_log` VALUES ('215', '1', null, null, null, '127.0.0.1', '1561568638');
INSERT INTO `kite_log` VALUES ('216', '1', null, null, null, '127.0.0.1', '1561570558');
INSERT INTO `kite_log` VALUES ('217', '1', null, null, null, '127.0.0.1', '1561680537');
INSERT INTO `kite_log` VALUES ('218', '1', null, null, null, '127.0.0.1', '1561730320');
INSERT INTO `kite_log` VALUES ('219', '1', null, null, null, '127.0.0.1', '1561784554');
INSERT INTO `kite_log` VALUES ('220', '1', null, null, null, '127.0.0.1', '1561822570');
INSERT INTO `kite_log` VALUES ('221', '1', null, null, null, '127.0.0.1', '1561860679');
INSERT INTO `kite_log` VALUES ('222', '1', null, null, null, '127.0.0.1', '1561942588');
INSERT INTO `kite_log` VALUES ('223', '1', null, null, null, '127.0.0.1', '1561953824');

-- ----------------------------
-- Table structure for kite_message
-- ----------------------------
DROP TABLE IF EXISTS `kite_message`;
CREATE TABLE `kite_message` (
  `id` int(11) NOT NULL AUTO_INCREMENT COMMENT '信息编号',
  `site_id` int(11) NOT NULL COMMENT '网站ID',
  `type` tinyint(1) NOT NULL COMMENT '信息类型 1 系统消息 2 短信 3 邮件',
  `subject` varchar(255) COLLATE utf8_bin DEFAULT NULL COMMENT '信息标题',
  `body` text COLLATE utf8_bin DEFAULT NULL COMMENT '信息内容',
  `code` varchar(32) COLLATE utf8_bin DEFAULT NULL COMMENT '动态码',
  `mid` int(11) DEFAULT NULL COMMENT '系统消息接收人mid',
  `email` varchar(255) COLLATE utf8_bin DEFAULT NULL COMMENT '邮件消息接收人email',
  `phone` char(11) COLLATE utf8_bin DEFAULT NULL COMMENT '短信接收人手机号码',
  `send_status` varchar(255) COLLATE utf8_bin NOT NULL COMMENT ' success 发送成功  fail 发送失败',
  `send_error` varchar(255) COLLATE utf8_bin DEFAULT NULL COMMENT '错误代码',
  `status` tinyint(1) NOT NULL DEFAULT 0 COMMENT '0 正常 1 失效',
  `create_at` int(11) DEFAULT NULL COMMENT '创建时间',
  `update_at` int(11) DEFAULT NULL,
  PRIMARY KEY (`id`)
) ENGINE=InnoDB AUTO_INCREMENT=3 DEFAULT CHARSET=utf8 COLLATE=utf8_bin;

-- ----------------------------
-- Records of kite_message
-- ----------------------------
INSERT INTO `kite_message` VALUES ('1', '1', '2', null, 0x38383437, null, null, null, '18780221108', 'fail', 'InvalidAccessKeyId.NotFound', '0', '1560843104', '1560843104');
INSERT INTO `kite_message` VALUES ('2', '1', '2', null, 0x34393437, null, null, null, '18780221108', 'fail', 'InvalidAccessKeyId.NotFound', '0', '1560843107', '1560843107');

-- ----------------------------
-- Table structure for kite_navigation
-- ----------------------------
DROP TABLE IF EXISTS `kite_navigation`;
CREATE TABLE `kite_navigation` (
  `id` int(11) NOT NULL AUTO_INCREMENT,
  `cid` int(11) NOT NULL DEFAULT 0 COMMENT '导航分类ID',
  `cat_id` int(11) NOT NULL COMMENT '文章栏目分类ID',
  `pid` int(11) NOT NULL DEFAULT 0,
  `site_id` char(64) COLLATE utf8_bin NOT NULL DEFAULT '' COMMENT '网站编号',
  `name` varchar(255) COLLATE utf8_bin DEFAULT NULL COMMENT '菜单名称',
  `url` varchar(255) COLLATE utf8_bin DEFAULT NULL COMMENT '菜单URL',
  `type` tinyint(1) NOT NULL DEFAULT 1 COMMENT '1 栏目 2自定义URL',
  `sort` int(11) NOT NULL DEFAULT 0 COMMENT '排序',
  `create_at` int(11) DEFAULT NULL COMMENT '创建时间',
  `update_at` int(11) DEFAULT NULL COMMENT '更新时间',
  PRIMARY KEY (`id`)
) ENGINE=InnoDB AUTO_INCREMENT=26 DEFAULT CHARSET=utf8 COLLATE=utf8_bin;

-- ----------------------------
-- Records of kite_navigation
-- ----------------------------
INSERT INTO `kite_navigation` VALUES ('1', '1', '5', '0', '1', '服务项目', '', '1', '3', '1561002909', '1561002984');
INSERT INTO `kite_navigation` VALUES ('2', '1', '6', '0', '1', '手册', '', '1', '4', '1561002909', '1561002984');
INSERT INTO `kite_navigation` VALUES ('3', '1', '10', '9', '1', '使用帮助', '', '1', '0', '1561002909', '1561027628');
INSERT INTO `kite_navigation` VALUES ('4', '1', '11', '9', '1', '模板制作', '', '1', '1', '1561002909', '1561027634');
INSERT INTO `kite_navigation` VALUES ('5', '1', '12', '9', '1', '二次开发', '', '1', '2', '1561002909', '1561027636');
INSERT INTO `kite_navigation` VALUES ('6', '1', '13', '9', '1', '数据字典', '', '1', '3', '1561002909', '1561027640');
INSERT INTO `kite_navigation` VALUES ('7', '1', '7', '0', '1', '下载', '', '1', '2', '1561002909', '1561558838');
INSERT INTO `kite_navigation` VALUES ('8', '1', '8', '0', '1', '模板主题', '', '1', '1', '1561002909', '1561558838');
INSERT INTO `kite_navigation` VALUES ('9', '1', '9', '0', '1', '教程', '', '1', '5', '1561002909', '1561002984');
INSERT INTO `kite_navigation` VALUES ('10', '1', '1', '9', '1', 'PHP编程', '', '1', '5', '1561002909', '1561027640');
INSERT INTO `kite_navigation` VALUES ('11', '1', '2', '9', '1', '前端技术', '', '1', '4', '1561002909', '1561027640');
INSERT INTO `kite_navigation` VALUES ('12', '1', '3', '9', '1', 'SEO搜索优化', '', '1', '6', '1561002909', '1561027640');
INSERT INTO `kite_navigation` VALUES ('13', '1', '4', '9', '1', '视频课程', '', '1', '7', '1561002909', '1561027640');
INSERT INTO `kite_navigation` VALUES ('14', '1', '0', '0', '1', '首页', 'http://f.19981.com', '2', '0', '1561002981', '1561002981');
INSERT INTO `kite_navigation` VALUES ('15', '1', '14', '0', '1', '联系我们', '', '1', '6', '1561077953', '1561077958');
INSERT INTO `kite_navigation` VALUES ('16', '1', '15', '0', '2', '新闻', '', '1', '1', '1561563567', '1561563593');
INSERT INTO `kite_navigation` VALUES ('17', '1', '16', '0', '2', '产品', '', '1', '2', '1561563567', '1561563593');
INSERT INTO `kite_navigation` VALUES ('18', '1', '17', '0', '2', '招聘', '', '1', '3', '1561563567', '1561563593');
INSERT INTO `kite_navigation` VALUES ('20', '1', '0', '0', '2', '首页', 'http://101.demo.19981.com', '2', '0', '1561563632', '1561563632');
INSERT INTO `kite_navigation` VALUES ('21', '2', '5', '0', '1', '服务项目', '', '1', '0', '1561945784', '1561945784');
INSERT INTO `kite_navigation` VALUES ('22', '2', '6', '0', '1', '手册', '', '1', '0', '1561945785', '1561945785');
INSERT INTO `kite_navigation` VALUES ('23', '2', '7', '0', '1', '下载', '', '1', '0', '1561945785', '1561945785');
INSERT INTO `kite_navigation` VALUES ('24', '2', '8', '0', '1', '模板主题', '', '1', '0', '1561945785', '1561945785');
INSERT INTO `kite_navigation` VALUES ('25', '2', '14', '0', '1', '联系我们', '', '1', '0', '1561945785', '1561945785');

-- ----------------------------
-- Table structure for kite_order
-- ----------------------------
DROP TABLE IF EXISTS `kite_order`;
CREATE TABLE `kite_order` (
  `order_id` int(11) NOT NULL AUTO_INCREMENT COMMENT '订单ID',
  `site_id` int(11) NOT NULL COMMENT '站点ID',
  `uid` int(11) NOT NULL COMMENT '购买者UID',
  `document_id` int(11) NOT NULL COMMENT '商品ID',
  `trade_no` char(32) DEFAULT '' COMMENT '支付交易单号',
  `out_trade_no` char(32) DEFAULT '' COMMENT '订单编号',
  `total_amount` varchar(8) NOT NULL DEFAULT '0.00' COMMENT '订单金额',
  `payment_type` tinyint(1) DEFAULT 0 COMMENT '0 未支付 1支付宝 2微信',
  `status` int(1) DEFAULT 0 COMMENT '0 待付款 1 已经付款 2退款 ',
  `create_at` int(11) DEFAULT NULL COMMENT '创建时间',
  `update_at` int(11) DEFAULT NULL,
  PRIMARY KEY (`order_id`)
) ENGINE=InnoDB AUTO_INCREMENT=80 DEFAULT CHARSET=utf8;

-- ----------------------------
-- Records of kite_order
-- ----------------------------
INSERT INTO `kite_order` VALUES ('56', '1', '1', '8', '', '2019062954975655', '0.10', '0', '0', '1561802694', '1561802694');
INSERT INTO `kite_order` VALUES ('57', '1', '1', '8', '', '2019062955981015', '0.10', '0', '0', '1561802695', '1561802695');
INSERT INTO `kite_order` VALUES ('58', '1', '1', '8', '', '2019062910110056', '0.10', '0', '0', '1561802702', '1561802702');
INSERT INTO `kite_order` VALUES ('59', '1', '1', '8', '', '2019062952505310', '0.10', '0', '0', '1561802724', '1561802724');
INSERT INTO `kite_order` VALUES ('60', '1', '1', '8', '', '2019062955511015', '0.10', '0', '0', '1561802807', '1561802807');
INSERT INTO `kite_order` VALUES ('61', '1', '1', '8', '', '2019062956991025', '0.10', '0', '0', '1561802808', '1561802808');
INSERT INTO `kite_order` VALUES ('62', '1', '1', '8', '', '2019062952555150', '0.10', '0', '0', '1561802836', '1561802836');
INSERT INTO `kite_order` VALUES ('63', '1', '1', '8', '', '2019062955565397', '0.10', '0', '0', '1561802839', '1561802839');
INSERT INTO `kite_order` VALUES ('64', '1', '1', '8', '', '2019062949100535', '0.10', '0', '0', '1561802865', '1561802865');
INSERT INTO `kite_order` VALUES ('65', '1', '1', '8', '', '2019062910256541', '0.10', '0', '0', '1561802927', '1561802927');
INSERT INTO `kite_order` VALUES ('66', '1', '1', '8', '', '2019062952101485', '0.10', '0', '0', '1561803364', '1561803364');
INSERT INTO `kite_order` VALUES ('67', '1', '1', '8', '', '2019062953565048', '0.10', '0', '0', '1561803381', '1561803381');
INSERT INTO `kite_order` VALUES ('68', '1', '1', '8', '', '2019062999100574', '0.10', '0', '0', '1561803388', '1561803388');
INSERT INTO `kite_order` VALUES ('69', '1', '1', '8', '', '2019062954551005', '0.10', '0', '0', '1561803398', '1561803398');
INSERT INTO `kite_order` VALUES ('70', '1', '1', '8', '', '2019062998102485', '0.10', '0', '0', '1561803691', '1561803691');
INSERT INTO `kite_order` VALUES ('71', '1', '1', '8', '', '2019062952481029', '0.10', '0', '0', '1561803812', '1561803812');
INSERT INTO `kite_order` VALUES ('72', '1', '1', '8', '', '2019062950511014', '0.10', '0', '0', '1561803842', '1561803842');
INSERT INTO `kite_order` VALUES ('73', '1', '1', '8', '', '2019062953485655', '0.10', '0', '0', '1561803893', '1561803893');
INSERT INTO `kite_order` VALUES ('74', '1', '1', '8', '', '2019062954985648', '0.10', '0', '0', '1561803894', '1561803894');
INSERT INTO `kite_order` VALUES ('75', '1', '1', '8', '', '2019062954529949', '0.10', '0', '0', '1561804118', '1561804118');
INSERT INTO `kite_order` VALUES ('76', '1', '1', '8', '', '2019062949505799', '0.10', '0', '0', '1561804129', '1561804129');
INSERT INTO `kite_order` VALUES ('77', '1', '1', '8', '', '2019062954985410', '0.10', '0', '0', '1561804806', '1561804806');
INSERT INTO `kite_order` VALUES ('78', '1', '1', '8', '', '2019062954535699', '0.10', '0', '0', '1561810470', '1561810470');

-- ----------------------------
-- Table structure for kite_score
-- ----------------------------
DROP TABLE IF EXISTS `kite_score`;
CREATE TABLE `kite_score` (
  `id` int(11) NOT NULL AUTO_INCREMENT COMMENT '积分记录编号',
  `site_id` int(11) NOT NULL COMMENT '站点ID',
  `uid` int(11) NOT NULL COMMENT '会员ID',
  `sum` int(11) NOT NULL COMMENT '剩余总数',
  `score` int(11) NOT NULL COMMENT '积分数量',
  `source` varchar(255) CHARACTER SET latin1 DEFAULT NULL COMMENT '获取原因',
  `create_at` int(11) DEFAULT NULL COMMENT '创建时间',
  `update_at` int(11) DEFAULT NULL COMMENT '更新时间',
  PRIMARY KEY (`id`)
) ENGINE=InnoDB AUTO_INCREMENT=36 DEFAULT CHARSET=utf8 COLLATE=utf8_bin;

-- ----------------------------
-- Records of kite_score
-- ----------------------------
INSERT INTO `kite_score` VALUES ('21', '1', '2', '2', '1', 'login_score', '1560852792', '1560852792');
INSERT INTO `kite_score` VALUES ('22', '1', '2', '3', '1', 'login_score', '1560852820', '1560852820');
INSERT INTO `kite_score` VALUES ('23', '1', '4', '1', '1', 'login_score', '1560852883', '1560852883');
INSERT INTO `kite_score` VALUES ('24', '1', '2', '4', '1', 'login_score', '1560853578', '1560853578');
INSERT INTO `kite_score` VALUES ('25', '1', '2', '5', '1', 'login_score', '1560927081', '1560927081');
INSERT INTO `kite_score` VALUES ('26', '1', '2', '7', '1', 'login_score', '1561460771', '1561460771');
INSERT INTO `kite_score` VALUES ('27', '1', '1', '3', '1', 'login_score', '1561460794', '1561460794');
INSERT INTO `kite_score` VALUES ('28', '1', '1', '4', '1', 'login_score', '1561565682', '1561565682');
INSERT INTO `kite_score` VALUES ('29', '1', '2', '17', '10', 'login_score', '1561693387', '1561693387');
INSERT INTO `kite_score` VALUES ('30', '1', '2', '27', '10', 'login_score', '1561696914', '1561696914');
INSERT INTO `kite_score` VALUES ('31', '1', '1', '14', '10', 'login_score', '1561730360', '1561730360');
INSERT INTO `kite_score` VALUES ('32', '1', '1', '24', '10', 'login_score', '1561782247', '1561782247');
INSERT INTO `kite_score` VALUES ('33', '1', '1', '34', '10', 'login_score', '1561793108', '1561793108');
INSERT INTO `kite_score` VALUES ('34', '1', '2', '37', '10', 'login_score', '1561820105', '1561820105');
INSERT INTO `kite_score` VALUES ('35', '1', '1', '44', '10', 'login_score', '1561822908', '1561822908');

-- ----------------------------
-- Table structure for kite_site
-- ----------------------------
DROP TABLE IF EXISTS `kite_site`;
CREATE TABLE `kite_site` (
  `id` int(11) NOT NULL AUTO_INCREMENT COMMENT '网站SID',
  `city_id` int(11) NOT NULL COMMENT '站点关联城市',
  `name` varchar(255) COLLATE utf8_bin NOT NULL COMMENT '站点名称',
  `alias` varchar(255) COLLATE utf8_bin NOT NULL COMMENT '站点别名',
  `logo` varchar(255) COLLATE utf8_bin DEFAULT '' COMMENT 'LOGO',
  `domain` varchar(255) COLLATE utf8_bin DEFAULT NULL COMMENT '站点绑定域名',
  `sort` int(11) NOT NULL DEFAULT 0 COMMENT '排序 越小越靠前',
  `hot` tinyint(1) NOT NULL DEFAULT 0 COMMENT '是否热门站点',
  `title` varchar(255) COLLATE utf8_bin DEFAULT NULL COMMENT '站点标题',
  `keywords` varchar(255) COLLATE utf8_bin DEFAULT NULL COMMENT '站点关键词',
  `description` varchar(255) COLLATE utf8_bin DEFAULT NULL COMMENT '站点描述',
  `timezone` char(64) COLLATE utf8_bin DEFAULT NULL COMMENT '时区',
  `theme` varchar(255) COLLATE utf8_bin DEFAULT NULL COMMENT '模板名称',
  `copyright` varchar(255) COLLATE utf8_bin NOT NULL DEFAULT '' COMMENT '版权信息',
  `icp` varchar(32) COLLATE utf8_bin NOT NULL DEFAULT '' COMMENT 'ICP备案号',
  `status` tinyint(1) NOT NULL DEFAULT 0 COMMENT '0 正常 1关闭',
  `create_at` int(11) DEFAULT NULL COMMENT '创建时间',
  `update_at` int(11) DEFAULT NULL COMMENT '更新时间',
  PRIMARY KEY (`id`),
  KEY `site_name` (`name`) USING BTREE
) ENGINE=InnoDB AUTO_INCREMENT=3 DEFAULT CHARSET=utf8 COLLATE=utf8_bin;

-- ----------------------------
-- Records of kite_site
-- ----------------------------
INSERT INTO `kite_site` VALUES ('1', '0', 'KiteCMS官网', 'default', '/upload/20190701/bdaa754cba6226b71dfd9fc1ce22df21.png', 'http://f.19981.com', '0', '0', 'KiteCMS开源免费网站管理系统', 'KiteCMS,cms,PHP开源网站系统,php企业网站源码', 'KiteCMS开源网站内容管理系统(CMS)，系统基于框架ThinkPHP5.1.*版本开发，适用个人、企业快速建站及开发需求。 提供各行业网站模板，系统采用响应式布局，自适应PC、手机、微信等终端。', 'Asia/Shanghai', 'compact', '© 2018 19981.com. All rights reserved', '蜀ICP备12004586号-4', '0', '1528854424', '1561957905');
INSERT INTO `kite_site` VALUES ('2', '0', '默认站点', 'kitesky', '/upload/20190611/555ffc45f99a4ad9ab8d5ecab5ea8a77.png', 'http://101.demo.19981.com', '0', '0', '默认站点', '默认站点', '默认站点', null, 'default', '个人网站', '蜀ICP备12004586号-2', '0', '1541387367', '1561563466');

-- ----------------------------
-- Table structure for kite_site_config
-- ----------------------------
DROP TABLE IF EXISTS `kite_site_config`;
CREATE TABLE `kite_site_config` (
  `site_id` int(11) NOT NULL COMMENT '网站ID',
  `k` varchar(64) COLLATE utf8_bin NOT NULL COMMENT '键名',
  `v` text COLLATE utf8_bin DEFAULT NULL COMMENT '键值',
  `create_at` int(11) DEFAULT NULL COMMENT '创建时间',
  `update_at` int(11) DEFAULT NULL COMMENT '更新时间',
  KEY `key` (`k`)
) ENGINE=InnoDB DEFAULT CHARSET=utf8 COLLATE=utf8_bin;

-- ----------------------------
-- Records of kite_site_config
-- ----------------------------
INSERT INTO `kite_site_config` VALUES ('1', 'captcha_publish_document', 0x30, '1529499606', '1529499606');
INSERT INTO `kite_site_config` VALUES ('1', 'register_score', 0x313030, '1529499198', '1529499198');
INSERT INTO `kite_site_config` VALUES ('1', 'login_score', 0x3130, '1529499387', '1529499387');
INSERT INTO `kite_site_config` VALUES ('1', 'publish_score', 0x3130, '1529499540', '1529499540');
INSERT INTO `kite_site_config` VALUES ('1', 'comment_score', 0x2D35, '1529499606', '1529499606');
INSERT INTO `kite_site_config` VALUES ('1', 'upload_type', 0x6C6F63616C, '1529499606', '1529499606');
INSERT INTO `kite_site_config` VALUES ('1', 'upload_size', 0x6A70672C706E672C676966, '1529499606', '1529499606');
INSERT INTO `kite_site_config` VALUES ('1', 'upload_ext', 0x6A70672C706E672C676966, '1529499606', '1529499606');
INSERT INTO `kite_site_config` VALUES ('1', 'upload_path', 0x75706C6F6164, '1529499606', '1529499606');
INSERT INTO `kite_site_config` VALUES ('1', 'alioss_key', 0x34483543346A5162784241736277796531, '1529499606', '1529499606');
INSERT INTO `kite_site_config` VALUES ('1', 'alioss_secret', 0x5535426539564C5A437079386F436F377354515343713830367377714756, '1529499606', '1529499606');
INSERT INTO `kite_site_config` VALUES ('1', 'alioss_endpoint', 0x6F73732D636E2D7368656E7A68656E2E616C6979756E63732E636F6D, '1529499606', '1529499606');
INSERT INTO `kite_site_config` VALUES ('1', 'alioss_bucket', 0x6B697465736B79, '1529499606', '1529499606');
INSERT INTO `kite_site_config` VALUES ('1', 'qiniu_ak', 0x3956577A66316A6953336745414C42695F587477454C4861487A484A49654358453557344B744A74, '1530071701', '1530071701');
INSERT INTO `kite_site_config` VALUES ('1', 'qiniu_sk', 0x54474E6432317877662D794847576E3346774E3337666B5257704F7A7A4D685843356A4566677238, '1530071701', '1530071701');
INSERT INTO `kite_site_config` VALUES ('1', 'qiniu_bucket', 0x6B697465736B79, '1530071701', '1530071701');
INSERT INTO `kite_site_config` VALUES ('1', 'qiniu_domain', 0x687474703A2F2F6F6E7872386D7438792E626B742E636C6F7564646E2E636F6D, '1530071701', '1530071701');
INSERT INTO `kite_site_config` VALUES ('1', 'link_category', 0x5B7B226E616D65223A22E69687E5AD97E993BEE68EA5222C22736F7274223A2231222C226964223A317D5D, '1531141510', '1531141510');
INSERT INTO `kite_site_config` VALUES ('1', 'slider_category', 0x5B5D, '1531147967', '1531147967');
INSERT INTO `kite_site_config` VALUES ('1', 'field_category', 0x5B7B226E616D65223A22E6A8A1E69DBFE7B1BB222C22736F7274223A2231222C226964223A317D5D, '1531147967', '1531147967');
INSERT INTO `kite_site_config` VALUES ('1', 'captcha_useZh', 0x30, '1531213657', '1531213657');
INSERT INTO `kite_site_config` VALUES ('1', 'captcha_useImgBg', 0x30, '1531213657', '1531213657');
INSERT INTO `kite_site_config` VALUES ('1', 'captcha_fontSize', 0x3234, '1531213657', '1531213657');
INSERT INTO `kite_site_config` VALUES ('1', 'captcha_imageH', 0x3430, '1531213657', '1531213657');
INSERT INTO `kite_site_config` VALUES ('1', 'captcha_imageW', 0x323030, '1531213657', '1531213657');
INSERT INTO `kite_site_config` VALUES ('1', 'captcha_length', 0x34, '1531213657', '1531213657');
INSERT INTO `kite_site_config` VALUES ('1', 'captcha_member_register', 0x30, '1531213657', '1531213657');
INSERT INTO `kite_site_config` VALUES ('1', 'captcha_member_login', 0x30, '1531213657', '1531213657');
INSERT INTO `kite_site_config` VALUES ('1', 'captcha_publish_comment', 0x30, '1531213657', '1531213657');
INSERT INTO `kite_site_config` VALUES ('1', 'captcha_publish_feedback', 0x30, '1531213657', '1531213657');
INSERT INTO `kite_site_config` VALUES ('1', 'water_logo', 0x2F7075626C69632F7374617469632F61646D696E2F646973742F696D672F6E6F7069632E706E67, '1531213845', '1531213845');
INSERT INTO `kite_site_config` VALUES ('1', 'water_position', 0x39, '1531213845', '1531213845');
INSERT INTO `kite_site_config` VALUES ('1', 'water_quality', 0x3830, '1531213845', '1531213845');
INSERT INTO `kite_site_config` VALUES ('1', 'water_status', 0x30, '1531213845', '1531213845');
INSERT INTO `kite_site_config` VALUES ('1', 'captcha_useCurve', 0x30, '1531217269', '1531217269');
INSERT INTO `kite_site_config` VALUES ('1', 'captcha_useNoise', 0x30, '1531217269', '1531217269');
INSERT INTO `kite_site_config` VALUES ('1', 'sms_type', 0x6479736D73, '1531371550', '1531371550');
INSERT INTO `kite_site_config` VALUES ('1', 'ali_access_key', '', '1531371550', '1531371550');
INSERT INTO `kite_site_config` VALUES ('1', 'ali_access_key_secret', '', '1531371550', '1531371550');
INSERT INTO `kite_site_config` VALUES ('1', 'ali_sign_name', '', '1531371550', '1531371550');
INSERT INTO `kite_site_config` VALUES ('1', 'ali_template_code', '', '1531371550', '1531371550');
INSERT INTO `kite_site_config` VALUES ('1', 'email_host', 0x736D74702E3136332E636F6D, '1531378668', '1531378668');
INSERT INTO `kite_site_config` VALUES ('1', 'email_port', 0x343635313332, '1531378668', '1531378668');
INSERT INTO `kite_site_config` VALUES ('1', 'email_username', 0x6E73737368, '1531378668', '1531378668');
INSERT INTO `kite_site_config` VALUES ('1', 'email_password', 0x77616E677A68656E67, '1531378668', '1531378668');
INSERT INTO `kite_site_config` VALUES ('1', 'member_register', 0x30, '1531378916', '1531378916');
INSERT INTO `kite_site_config` VALUES ('1', 'email_from_email', 0x6E73737368403136332E636F6D, '1531383066', '1531383066');
INSERT INTO `kite_site_config` VALUES ('1', 'email_from_name', 0x4B697465434D53, '1531383066', '1531383066');
INSERT INTO `kite_site_config` VALUES ('1', 'block_category', 0x5B5D, '1531981998', '1531981998');
INSERT INTO `kite_site_config` VALUES ('1', 'upload_image_ext', 0x6A70672C706E672C676966, '1532327020', '1532327020');
INSERT INTO `kite_site_config` VALUES ('1', 'upload_image_size', 0x32303438, '1532327020', '1532327020');
INSERT INTO `kite_site_config` VALUES ('1', 'upload_video_ext', 0x726D2C726D76622C776D762C3367702C6D70342C6D6F762C6176692C666C76, '1532327020', '1532327020');
INSERT INTO `kite_site_config` VALUES ('1', 'upload_video_size', 0x3130323430, '1532327020', '1532327020');
INSERT INTO `kite_site_config` VALUES ('1', 'upload_attach_ext', 0x646F632C786C732C7261722C7A6970, '1532327020', '1532327020');
INSERT INTO `kite_site_config` VALUES ('1', 'upload_attach_size', 0x3130323430, '1532327020', '1532327020');
INSERT INTO `kite_site_config` VALUES ('1', 'navigation_category', 0x5B7B226E616D65223A22E9A1B6E983A8E5AFBCE888AA222C22736F7274223A2231222C226964223A317D2C7B226E616D65223A22E5BA95E983A8E5AFBCE888AA222C22736F7274223A2232222C226964223A327D5D, '1532675827', '1532675827');
INSERT INTO `kite_site_config` VALUES ('1', 'email_code_template', 0xE5B08AE695ACE79A84E4BC9AE59198247B757365726E616D657D20EFBC8CE682A8E69CACE6ACA1E79A84E9AA8CE8AF81E7A081E4B8BAEFBC9A247B636F64657D20EFBC8CE9AA8CE8AF81E7A081E59CA835E58886E9929FE58685E69C89E69588E38082, '1532856848', '1532856848');
INSERT INTO `kite_site_config` VALUES ('1', 'email_register_template', 0xE5B08AE695ACE79A84E4BC9AE59198247B757365726E616D657D20EFBC8CE682A8E5B7B2E7BB8FE68890E58A9FE6B3A8E5868CEFBC8CE8AFB7E8B0A8E8AEB0E682A8E79A84E794A8E688B7E5908DE58F8AE5AF86E7A081E38082, '1532856848', '1532856848');
INSERT INTO `kite_site_config` VALUES ('1', 'send_email_register', 0x30, '1532856848', '1532856848');
INSERT INTO `kite_site_config` VALUES ('2', 'field_category', 0x5B7B226E616D65223A22636D73222C22736F7274223A2231222C226964223A317D2C7B226E616D65223A22E4BAA7E59381222C22736F7274223A2232222C226964223A327D5D, '1541487138', '1541487138');
INSERT INTO `kite_site_config` VALUES ('2', 'slider_category', null, '1548224151', '1548224151');
INSERT INTO `kite_site_config` VALUES ('2', 'link_category', null, '1548224152', '1548224152');
INSERT INTO `kite_site_config` VALUES ('2', 'block_category', 0x5B7B226E616D65223A2254455354222C22736F7274223A2231222C226964223A317D5D, '1548224152', '1548224152');
INSERT INTO `kite_site_config` VALUES ('2', 'register_score', 0x313030, '1548224155', '1548224155');
INSERT INTO `kite_site_config` VALUES ('2', 'login_score', 0x31, '1548224155', '1548224155');
INSERT INTO `kite_site_config` VALUES ('2', 'publish_score', 0x3130, '1548224155', '1548224155');
INSERT INTO `kite_site_config` VALUES ('2', 'comment_score', 0x35, '1548224156', '1548224156');
INSERT INTO `kite_site_config` VALUES ('2', 'email_host', 0x736D74702E3136332E636F6D, '1548224167', '1548224167');
INSERT INTO `kite_site_config` VALUES ('2', 'email_port', 0x343635, '1548224167', '1548224167');
INSERT INTO `kite_site_config` VALUES ('2', 'email_username', 0x6B697465333635, '1548224167', '1548224167');
INSERT INTO `kite_site_config` VALUES ('2', 'email_password', 0x77616E677A68656E67, '1548224167', '1548224167');
INSERT INTO `kite_site_config` VALUES ('2', 'email_from_email', 0x6B697465406B697465736B792E636F6D, '1548224167', '1548224167');
INSERT INTO `kite_site_config` VALUES ('2', 'email_from_name', 0x4B697465434D53, '1548224167', '1548224167');
INSERT INTO `kite_site_config` VALUES ('2', 'email_code_template', 0xE5B08AE695ACE79A84E4BC9AE59198247B757365726E616D657D20EFBC8CE682A8E69CACE6ACA1E79A84E9AA8CE8AF81E7A081E4B8BAEFBC9A247B636F64657D20EFBC8CE9AA8CE8AF81E7A081E59CA835E58886E9929FE58685E69C89E69588E38082, '1548224167', '1548224167');
INSERT INTO `kite_site_config` VALUES ('2', 'email_register_template', 0xE5B08AE695ACE79A84E4BC9AE59198247B757365726E616D657D20EFBC8CE682A8E5B7B2E7BB8FE68890E58A9FE6B3A8E5868CEFBC8CE8AFB7E8B0A8E8AEB0E682A8E79A84E794A8E688B7E5908DE58F8AE5AF86E7A081E38082, '1548224167', '1548224167');
INSERT INTO `kite_site_config` VALUES ('2', 'send_email_register', 0x30, '1548224167', '1548224167');
INSERT INTO `kite_site_config` VALUES ('2', 'upload_type', 0x6C6F63616C, '1548224168', '1548224168');
INSERT INTO `kite_site_config` VALUES ('2', 'upload_image_ext', 0x6A70672C706E672C676966, '1548224168', '1548224168');
INSERT INTO `kite_site_config` VALUES ('2', 'upload_image_size', 0x32303430303030, '1548224168', '1548224168');
INSERT INTO `kite_site_config` VALUES ('2', 'upload_video_ext', 0x726D2C726D76622C776D762C3367702C6D70342C6D6F762C6176692C666C76, '1548224168', '1548224168');
INSERT INTO `kite_site_config` VALUES ('2', 'upload_video_size', 0x32303430303030, '1548224168', '1548224168');
INSERT INTO `kite_site_config` VALUES ('2', 'upload_attach_ext', 0x646F632C786C732C7261722C7A6970, '1548224168', '1548224168');
INSERT INTO `kite_site_config` VALUES ('2', 'upload_attach_size', 0x32303430303030, '1548224168', '1548224168');
INSERT INTO `kite_site_config` VALUES ('2', 'upload_path', 0x75706C6F6164, '1548224168', '1548224168');
INSERT INTO `kite_site_config` VALUES ('2', 'alioss_key', 0x34483543346A51627842417362777965, '1548224168', '1548224168');
INSERT INTO `kite_site_config` VALUES ('2', 'alioss_secret', 0x5535426539564C5A437079386F436F377354515343713830367377714756, '1548224168', '1548224168');
INSERT INTO `kite_site_config` VALUES ('2', 'alioss_endpoint', 0x6F73732D636E2D7368656E7A68656E2E616C6979756E63732E636F6D, '1548224168', '1548224168');
INSERT INTO `kite_site_config` VALUES ('2', 'alioss_bucket', 0x6B697465736B79, '1548224168', '1548224168');
INSERT INTO `kite_site_config` VALUES ('2', 'qiniu_ak', 0x3956577A66316A6953336745414C42695F587477454C4861487A484A49654358453557344B744A74, '1548224168', '1548224168');
INSERT INTO `kite_site_config` VALUES ('2', 'qiniu_sk', 0x794847576E3346774E3337666B5257704F7A7A4D685843356A4566677238, '1548224168', '1548224168');
INSERT INTO `kite_site_config` VALUES ('2', 'qiniu_bucket', 0x6B697465736B79, '1548224168', '1548224168');
INSERT INTO `kite_site_config` VALUES ('2', 'qiniu_domain', 0x687474703A2F2F6F6E7872386D7438792E626B742E636C6F7564646E2E636F6D, '1548224168', '1548224168');
INSERT INTO `kite_site_config` VALUES ('2', 'captcha_useZh', 0x30, '1548224169', '1548224169');
INSERT INTO `kite_site_config` VALUES ('2', 'captcha_useImgBg', 0x30, '1548224169', '1548224169');
INSERT INTO `kite_site_config` VALUES ('2', 'captcha_fontSize', 0x3134, '1548224169', '1548224169');
INSERT INTO `kite_site_config` VALUES ('2', 'captcha_imageH', 0x30, '1548224169', '1548224169');
INSERT INTO `kite_site_config` VALUES ('2', 'captcha_imageW', 0x30, '1548224169', '1548224169');
INSERT INTO `kite_site_config` VALUES ('2', 'captcha_length', 0x36, '1548224169', '1548224169');
INSERT INTO `kite_site_config` VALUES ('2', 'captcha_useCurve', 0x30, '1548224169', '1548224169');
INSERT INTO `kite_site_config` VALUES ('2', 'captcha_useNoise', 0x30, '1548224169', '1548224169');
INSERT INTO `kite_site_config` VALUES ('2', 'captcha_member_register', 0x30, '1548224169', '1548224169');
INSERT INTO `kite_site_config` VALUES ('2', 'captcha_member_login', 0x30, '1548224169', '1548224169');
INSERT INTO `kite_site_config` VALUES ('2', 'captcha_publish_document', 0x30, '1548224169', '1548224169');
INSERT INTO `kite_site_config` VALUES ('2', 'captcha_publish_comment', 0x30, '1548224169', '1548224169');
INSERT INTO `kite_site_config` VALUES ('2', 'captcha_publish_feedback', 0x30, '1548224169', '1548224169');
INSERT INTO `kite_site_config` VALUES ('2', 'navigation_category', 0x5B7B226E616D65223A22E9A1B6E983A8E5AFBCE888AA222C22736F7274223A22222C226964223A317D5D, '1548224170', '1548224170');
INSERT INTO `kite_site_config` VALUES ('4', 'field_category', null, '1551153424', '1551153424');
INSERT INTO `kite_site_config` VALUES ('4', 'link_category', null, '1551153427', '1551153427');
INSERT INTO `kite_site_config` VALUES ('4', 'slider_category', null, '1551153466', '1551153466');
INSERT INTO `kite_site_config` VALUES ('4', 'block_category', null, '1551153468', '1551153468');
INSERT INTO `kite_site_config` VALUES ('4', 'navigation_category', null, '1551153507', '1551153507');
INSERT INTO `kite_site_config` VALUES ('3', 'field_category', null, '1551343953', '1551343953');
INSERT INTO `kite_site_config` VALUES ('3', 'navigation_category', null, '1553520030', '1553520030');
INSERT INTO `kite_site_config` VALUES ('2', 'sms_type', 0x6479736D73, '1553582312', '1553582312');
INSERT INTO `kite_site_config` VALUES ('2', 'ali_access_key', 0x4163636573734B6579204944, '1553582312', '1553582312');
INSERT INTO `kite_site_config` VALUES ('2', 'ali_access_key_secret', 0x416363657373204B657920536563726574, '1553582312', '1553582312');
INSERT INTO `kite_site_config` VALUES ('2', 'ali_sign_name', 0x31393938312E636F6D, '1553582312', '1553582312');
INSERT INTO `kite_site_config` VALUES ('2', 'ali_template_code', 0x534D535F31323334, '1553582312', '1553582312');
INSERT INTO `kite_site_config` VALUES ('2', 'water_logo', 0x2F7075626C69632F7374617469632F61646D696E2F646973742F696D672F6E6F7069632E706E67, '1553582314', '1553582314');
INSERT INTO `kite_site_config` VALUES ('2', 'water_position', 0x39, '1553582315', '1553582315');
INSERT INTO `kite_site_config` VALUES ('2', 'water_quality', 0x3830, '1553582315', '1553582315');
INSERT INTO `kite_site_config` VALUES ('2', 'water_status', 0x30, '1553582315', '1553582315');
INSERT INTO `kite_site_config` VALUES ('0', 'field_category', null, '1561302548', '1561302548');
INSERT INTO `kite_site_config` VALUES ('1', 'ali_appid', 0x32303136303332313031323330343937, '1561704850', '1561704850');
INSERT INTO `kite_site_config` VALUES ('1', 'ali_private_key', 0x4D4949456F77494241414B434151454170724A774436677164554241786F366578764D7556416968683279696E6B696B666F3831575546517455663349707842516C6A36324D6D71364350646D72626A49666256435164732B676E564455326A777961314C71784453615A446B64344D384B4931616C4E382B595265734D75344B446D6B6941705633336C4853324F7A467365464A322F6E62644B664B56535676687A3037742B6D612F6170797354584B77416A384165716E782F456C4C67746450454272457471684E544D7A56636259314D413466357173674479492F56486A336C7236434A6532772F4F485855776B7A7573656A776F33327264526F3734766D496152706E3756665773547546663570347A73587842396E6B4676764E574B387142724A5653753942496536585875656B62316657794431593032394259556B6B4131534276327168683770544F306866746175706F71776A695558624154424E684B51494441514142416F494241514346745153726D6C434D4163437A51736B457656514174586553333346456B7248576A646E56774D305379796D51696C4C522B2F736733676D4738425731486C4C7245456871574A6C787157644A7032666568584B3467425873776A3761686F684D6A313957374B61476F55557566416B33777079565065304A4E6763596B6C793476637178436C4A51526176436841556B47366665336D646E6D38387652466E754E4D75656F52656254353163504150346F6E3378364C5874706842514A6F704B79366F43496B69456C4476746F494D5368676A4B347A2B443267505849706E30614C4A4B3934335947324664506441422B792F7573326F7654736F6E78473256384B7933396A345134454F7032616E33742F5045567369744B51706E323262705265514A6D524C36522B6F55684D682B35526B464F42426474704754505746566A4F6B37524662733548747638464E422B637742416F4742414E54554466735759356E4E765648455A6966476A6F4C694C41487931357A6D597245483932622F7438366B4F5A6A4E744C50797A456D6A696D766F3841503031524C6D524976767564687A7A797A4E39676D6770394A334E41464C4D6849754854634A7671342B6F64677A6552614272373476745765344F4D46567839616F7532694674394C696437394547624A752F76342B437133586F34444444524F784E4158522B334E3161585370416F4742414D694331584E736C78715A736635374E64326A6B447538465968326D556E35766A4273374861774A393465666A697A5861705363674365325034666A68626D397A504E6E75313546304548743669596364484D75337951567564595A423141647869656239787A76484C6A6C484E57416C51357A65705869757167442F50635A374466566C53316D657943787341656E6E573058316B684A6F4743456838633433482B6B78574C47646942416F4741514A44636450494434574D6A4C6930772B4A7771473962566C766D2F4936425A44472F6F5246304C764372694E6C4D686F50336C722B6C6E55766C6C3579316466744251743074517A44504742456576667067346B59634D52654130486F50533553475673584C6130715936382F4D41422B69645667767A572B50554C6E45642B63576E554E6A586A7A5476767377686D367669765836503462354B7431437041614D456237434D2F3545436759424E6841627738484961486F4470574D696950724672356E4B4D70777A7278466A3662364761344D3849313945454B704E7A5852776C6B554E694F75433769643758634136597A38396C6E49347235344E5A4545554C4375494E33655957534F3342337235774132342F48437776796E687342307A4C34377759714869435668726744666461474472426247315A7148797146476B6F452B444841486E772F5549517439493036656D3841514B42674649384D636356456B773655702B677738716A2B594A6F306D78354D32674B543742346F4E4F39564D562F43557041784732326B4B2B453371736D5452444B41632B4F374E455266375858774A5241686C35344F4A634E63697074642B746D3835453077654D62352F51446B7A4E7A536A764D6151534941373846706970553238716B73555137634D4A3235317677546472577365742F33355661367333656B364230385A466871775453, '1561704850', '1561704850');
INSERT INTO `kite_site_config` VALUES ('1', 'ali_public_key', 0x4D494942496A414E42676B71686B6947397730424151454641414F43415138414D49494343674B43415145416A7144333234747062714469706C7071316B62377242374B7352465A4555314B6A7650746A6851536A34427964527955674F725655705331584755564E4A665A2F4A65315A5A676C6747456579337776746E55724E49587A733751576A787134757067777744485846784756376E75726E4173744667597372495A4179736B446D6655434D674C686842694961435A2B4C724A592F545272704D68704B732B414E456F7567317A52706E6B6374474479707A4A4F4D767A43597454704C5843667130354157323976704E384A2F5573384A6B43435531515930736E487542544A2B57665548322B544A58686C383764774669665979766B4B54714F65446369472B6A4248463965333071306D77663667646C75447130346A6D2B51444E553642496867566763506D423937586F774E657677713534614E506C4C6B666E45396B6B62653248654D4D79543457747A4E32793853495977494441514142, '1561704850', '1561704850');
INSERT INTO `kite_site_config` VALUES ('1', 'ali_notify_url', 0x687474703A2F2F6465762E6B697465736B792E636F6D2F6D656D6265722F6F726465722F616C694E6F74696679, '1561704850', '1561704850');
INSERT INTO `kite_site_config` VALUES ('1', 'ali_return_url', 0x687474703A2F2F6465762E6B697465736B792E636F6D2F6D656D6265722F6F726465722F72657475726E, '1561704850', '1561704850');

-- ----------------------------
-- Table structure for kite_site_file
-- ----------------------------
DROP TABLE IF EXISTS `kite_site_file`;
CREATE TABLE `kite_site_file` (
  `id` int(11) NOT NULL AUTO_INCREMENT COMMENT '文件ID',
  `site_id` int(11) NOT NULL COMMENT '网站ID',
  `upload_type` char(20) COLLATE utf8_bin NOT NULL COMMENT '上传方式',
  `title` varchar(255) COLLATE utf8_bin NOT NULL COMMENT '图片原始名称',
  `name` varchar(255) COLLATE utf8_bin NOT NULL COMMENT '图片上传后生成名字',
  `ext` char(20) COLLATE utf8_bin NOT NULL COMMENT '图片后缀',
  `url` varchar(255) COLLATE utf8_bin NOT NULL COMMENT '图片URL',
  `thumb` text COLLATE utf8_bin DEFAULT NULL COMMENT '本地生成缩略图记录 多个用逗号隔开。方便以后清理',
  `status` tinyint(1) NOT NULL DEFAULT 0 COMMENT '0 上传未被引用; 1 上传后被引用',
  `create_at` int(11) DEFAULT NULL COMMENT '创建时间',
  `update_at` int(11) DEFAULT NULL,
  PRIMARY KEY (`id`)
) ENGINE=InnoDB AUTO_INCREMENT=25 DEFAULT CHARSET=utf8 COLLATE=utf8_bin;

-- ----------------------------
-- Records of kite_site_file
-- ----------------------------
INSERT INTO `kite_site_file` VALUES ('1', '1', 'local', 'hyd.png', 'c75a61ac9a55d8d79e08a273137480d9.png', 'png', '/upload/20181104/c75a61ac9a55d8d79e08a273137480d9.png', 0x2F75706C6F61642F32303138313130342F63373561363161633961353564386437396530386132373331333734383064395F323530783235302E706E672C2F75706C6F61642F32303138313130342F63373561363161633961353564386437396530386132373331333734383064395F3132307837352E706E672C2F75706C6F61642F32303138313130342F63373561363161633961353564386437396530386132373331333734383064395F323230783134302E706E672C2F75706C6F61642F32303138313130342F63373561363161633961353564386437396530386132373331333734383064395F333530783233302E706E672C2F75706C6F61642F32303138313130342F63373561363161633961353564386437396530386132373331333734383064395F333530783233302E706E67, '0', '1541328538', '1541536786');
INSERT INTO `kite_site_file` VALUES ('2', '1', 'local', '1990992729264925_7CA46AC3814E2BC32AAA040E472BFE2F.jpg', 'b5375810e31069b7f959a00109ca7931.jpg', 'jpg', '/upload/20190226/b5375810e31069b7f959a00109ca7931.jpg', null, '0', '1551152426', '1551152426');
INSERT INTO `kite_site_file` VALUES ('3', '1', 'local', '1990992729264925_BCF67AF8238E28A665B8471C711CA097.jpg', '04b1d8ca8be54fed70ff036692de5843.jpg', 'jpg', '/upload/20190227/04b1d8ca8be54fed70ff036692de5843.jpg', null, '0', '1551251079', '1551251079');
INSERT INTO `kite_site_file` VALUES ('4', '1', 'local', '1.png', '8e6b5a7a4331080f3fad9607d49ed7f4.png', 'png', '/upload/20190308/8e6b5a7a4331080f3fad9607d49ed7f4.png', null, '0', '1552019787', '1552019787');
INSERT INTO `kite_site_file` VALUES ('8', '1', 'local', '1544174368(1).png', '82c6bc12eebe1bfa5845ec1032518b05.png', 'png', '/upload/20190314/82c6bc12eebe1bfa5845ec1032518b05.png', null, '0', '1552549390', '1552549390');
INSERT INTO `kite_site_file` VALUES ('9', '2', 'local', '808.jpg', '102082a52c00d370b792a457f2fef68c.jpg', 'jpg', '/upload/20190409/102082a52c00d370b792a457f2fef68c.jpg', null, '0', '1554787624', '1554787624');
INSERT INTO `kite_site_file` VALUES ('10', '2', 'local', '20180816110115375.png', 'f4657a745bd8bca6cb61f8259071379a.png', 'png', '/upload/20190409/f4657a745bd8bca6cb61f8259071379a.png', null, '0', '1554787635', '1554787635');
INSERT INTO `kite_site_file` VALUES ('11', '2', 'local', '1.jpg', 'bfd807741131ab395bde82d6e0fd21f9.jpg', 'jpg', '/upload/20190418/bfd807741131ab395bde82d6e0fd21f9.jpg', null, '0', '1555600044', '1555600044');
INSERT INTO `kite_site_file` VALUES ('12', '2', 'local', '4.png', '555ffc45f99a4ad9ab8d5ecab5ea8a77.png', 'png', '/upload/20190611/555ffc45f99a4ad9ab8d5ecab5ea8a77.png', null, '0', '1560247108', '1560247108');
INSERT INTO `kite_site_file` VALUES ('13', '2', 'local', 'u=3187049305,1981836037&fm=26&gp=0.jpg', 'b188bd2bbf38d9baf3cd06b0b9a47e78.jpg', 'jpg', '/upload/20190615/b188bd2bbf38d9baf3cd06b0b9a47e78.jpg', null, '0', '1560573779', '1560573779');
INSERT INTO `kite_site_file` VALUES ('14', '2', 'local', '下载 (1).jpg', '1a9210884e726089f5d0874556f3aeb1.jpg', 'jpg', '/upload/20190615/1a9210884e726089f5d0874556f3aeb1.jpg', null, '0', '1560573786', '1560573786');
INSERT INTO `kite_site_file` VALUES ('15', '2', 'local', 'netlimiter.png', '744f5ca2fa8aad72596801fc5d4ccc32.png', 'png', '/upload/20190616/744f5ca2fa8aad72596801fc5d4ccc32.png', null, '0', '1560620713', '1560620713');
INSERT INTO `kite_site_file` VALUES ('16', '1', 'local', 'logo.png', '18afca7dec141738ee9602b41cd7698d.png', 'png', '/upload/20190618/18afca7dec141738ee9602b41cd7698d.png', null, '0', '1560838006', '1560838006');
INSERT INTO `kite_site_file` VALUES ('17', '1', 'local', '40.png', '47b08ccd14af32d048e1fb5fcd287143.png', 'png', '/upload/20190618/47b08ccd14af32d048e1fb5fcd287143.png', null, '0', '1560838026', '1560838026');
INSERT INTO `kite_site_file` VALUES ('18', '1', 'local', 'favicon.png', 'e62b9f5b991b2b30b4dec26666714590.png', 'png', '/upload/20190618/e62b9f5b991b2b30b4dec26666714590.png', 0x2F75706C6F61642F32303139303631382F65363262396635623939316232623330623464656332363636363731343539305F36307836302E706E67, '0', '1560839387', '1560839388');
INSERT INTO `kite_site_file` VALUES ('19', '1', 'local', 'favicon.png', '83b56ac13413773672ac9cfbeaccba85.png', 'png', '/upload/20190618/83b56ac13413773672ac9cfbeaccba85.png', 0x2F75706C6F61642F32303139303631382F38336235366163313334313337373336373261633963666265616363626138355F36307836302E706E672C2F75706C6F61642F32303139303631382F38336235366163313334313337373336373261633963666265616363626138355F34307834302E706E67, '0', '1560843695', '1560851429');
INSERT INTO `kite_site_file` VALUES ('20', '1', 'local', '1.jpg', 'c0b302b007e8aef9e27036f4cbe7aeb3.jpg', 'jpg', '/upload/20190620/c0b302b007e8aef9e27036f4cbe7aeb3.jpg', 0x2F75706C6F61642F32303139303632302F63306233303262303037653861656639653237303336663463626537616562335F333730783331372E6A70672C2F75706C6F61642F32303139303632302F63306233303262303037653861656639653237303336663463626537616562335F333730783331372E6A70672C2F75706C6F61642F32303139303632302F63306233303262303037653861656639653237303336663463626537616562335F333730783331372E6A70672C2F75706C6F61642F32303139303632302F63306233303262303037653861656639653237303336663463626537616562335F333730783331372E6A70672C2F75706C6F61642F32303139303632302F63306233303262303037653861656639653237303336663463626537616562335F333435783239362E6A70672C2F75706C6F61642F32303139303632302F63306233303262303037653861656639653237303336663463626537616562335F35307835302E6A70672C2F75706C6F61642F32303139303632302F63306233303262303037653861656639653237303336663463626537616562335F3132307837352E6A70672C2F75706C6F61642F32303139303632302F63306233303262303037653861656639653237303336663463626537616562335F333530783233302E6A70672C2F75706C6F61642F32303139303632302F63306233303262303037653861656639653237303336663463626537616562335F323530783235302E6A70672C2F75706C6F61642F32303139303632302F63306233303262303037653861656639653237303336663463626537616562335F323230783134302E6A70672C2F75706C6F61642F32303139303632302F63306233303262303037653861656639653237303336663463626537616562335F333730783237372E6A70672C2F75706C6F61642F32303139303632302F63306233303262303037653861656639653237303336663463626537616562335F323835783231332E6A70672C2F75706C6F61642F32303139303632302F63306233303262303037653861656639653237303336663463626537616562335F323030783135302E6A7067, '0', '1561023546', '1561948496');
INSERT INTO `kite_site_file` VALUES ('21', '2', 'local', '1.png', 'd4ba27fe921bc66b9d1bdb40e2dac63f.png', 'png', '/upload/20190626/d4ba27fe921bc66b9d1bdb40e2dac63f.png', null, '0', '1561564139', '1561564139');
INSERT INTO `kite_site_file` VALUES ('22', '2', 'local', '1.png', 'f8594d9dc116ee24ec265deb036cd916.png', 'png', '/upload/20190626/f8594d9dc116ee24ec265deb036cd916.png', null, '0', '1561564227', '1561564227');
INSERT INTO `kite_site_file` VALUES ('23', '1', 'local', 'xampp-logo-ac950edf.png', 'aba796d04ef17b1862880b988a5b47d8.png', 'png', '/upload/20190627/aba796d04ef17b1862880b988a5b47d8.png', 0x2F75706C6F61642F32303139303632372F61626137393664303465663137623138363238383062393838613562343764385F36307836302E706E67, '0', '1561565703', '1561565705');
INSERT INTO `kite_site_file` VALUES ('24', '1', 'local', 'logo.png', 'bdaa754cba6226b71dfd9fc1ce22df21.png', 'png', '/upload/20190701/bdaa754cba6226b71dfd9fc1ce22df21.png', null, '0', '1561943525', '1561943525');

-- ----------------------------
-- Table structure for kite_slider
-- ----------------------------
DROP TABLE IF EXISTS `kite_slider`;
CREATE TABLE `kite_slider` (
  `id` int(11) NOT NULL AUTO_INCREMENT COMMENT 'ID',
  `cid` int(11) DEFAULT 0 COMMENT '友情链接分类ID',
  `site_id` char(64) COLLATE utf8_bin NOT NULL DEFAULT '' COMMENT '网站编号',
  `name` varchar(64) CHARACTER SET utf8 NOT NULL DEFAULT '' COMMENT '网站名称',
  `url` varchar(64) CHARACTER SET utf8 NOT NULL DEFAULT '' COMMENT '网站地址',
  `image` varchar(255) CHARACTER SET utf8 NOT NULL DEFAULT '' COMMENT 'logo地址',
  `content` varchar(255) COLLATE utf8_bin DEFAULT NULL COMMENT '描述内容',
  `sort` int(11) NOT NULL DEFAULT 0 COMMENT '排序',
  `status` tinyint(1) NOT NULL DEFAULT 0 COMMENT '状态： 0隐藏  1 显示',
  PRIMARY KEY (`id`)
) ENGINE=InnoDB DEFAULT CHARSET=utf8 COLLATE=utf8_bin;

-- ----------------------------
-- Records of kite_slider
-- ----------------------------

-- ----------------------------
-- Table structure for kite_user_nav
-- ----------------------------
DROP TABLE IF EXISTS `kite_user_nav`;
CREATE TABLE `kite_user_nav` (
  `id` int(11) NOT NULL AUTO_INCREMENT,
  `pid` int(11) NOT NULL DEFAULT 0,
  `name` varchar(64) CHARACTER SET utf8 NOT NULL DEFAULT '' COMMENT '规则名称',
  `url` varchar(64) CHARACTER SET utf8 NOT NULL,
  `menu` tinyint(1) DEFAULT 0 COMMENT '是否为菜单0 否 1是',
  `icon` varchar(64) CHARACTER SET utf8 NOT NULL DEFAULT 'fa fa-circle-o' COMMENT '图标',
  `sort` int(11) DEFAULT 0 COMMENT '权重排序',
  `description` varchar(255) CHARACTER SET utf8 DEFAULT '' COMMENT '备注说明',
  `lang_var` varchar(64) COLLATE utf8_bin NOT NULL COMMENT '语言表示',
  PRIMARY KEY (`id`),
  KEY `permission_url` (`url`) USING BTREE,
  KEY `lang_var` (`lang_var`) USING BTREE
) ENGINE=InnoDB AUTO_INCREMENT=19 DEFAULT CHARSET=utf8 COLLATE=utf8_bin;

-- ----------------------------
-- Records of kite_user_nav
-- ----------------------------
INSERT INTO `kite_user_nav` VALUES ('1', '0', '信息管理', '#', '1', 'fa fa-laptop', '1', '', 'My document');
INSERT INTO `kite_user_nav` VALUES ('2', '1', '发布信息', 'member/document/create', '1', 'fa fa-edit', '2', '', 'Publish document');
INSERT INTO `kite_user_nav` VALUES ('3', '1', '修改信息', 'member/document/edit', '0', 'fa fa-circle-o', '3', '', 'Edit document');
INSERT INTO `kite_user_nav` VALUES ('4', '1', '删除信息', 'member/document/remove', '0', 'fa fa-circle-o', '4', '', 'Remove document');
INSERT INTO `kite_user_nav` VALUES ('5', '0', '账户设置', '#', '1', 'fa fa-user', '5', '', 'Account setting');
INSERT INTO `kite_user_nav` VALUES ('6', '5', '个人资料', 'member/member/profile', '1', 'fa fa-circle-o text-red', '6', '', 'Member profile');
INSERT INTO `kite_user_nav` VALUES ('7', '5', '账户绑定', 'member/member/bind', '1', 'fa fa-circle-o text-yellow', '7', '', 'Member bind');
INSERT INTO `kite_user_nav` VALUES ('8', '5', '手机绑定', 'member/member/mobileBind', '0', 'fa fa-circle-o', '8', '', 'Mobile bind');
INSERT INTO `kite_user_nav` VALUES ('9', '5', '邮箱绑定', 'member/member/emailBind', '0', 'fa fa-circle-o', '9', '', 'Email bind');
INSERT INTO `kite_user_nav` VALUES ('10', '5', '密码修改', 'member/member/password', '1', 'fa fa-circle-o text-aqua', '10', '', 'Password update');
INSERT INTO `kite_user_nav` VALUES ('11', '1', '信息列表', 'member/document/index', '1', 'fa fa-book', '0', '', 'Document list');
INSERT INTO `kite_user_nav` VALUES ('12', '0', '会员中心', 'member/index/index', '0', 'fa fa-circle-o', '0', '', 'Member index');
INSERT INTO `kite_user_nav` VALUES ('13', '5', '手机解绑', 'member/member/mobileUnbind', '0', 'fa fa-circle-o', '0', '', 'Mobile unbind');
INSERT INTO `kite_user_nav` VALUES ('14', '5', '邮箱解绑', 'member/member/emailUnbind', '0', 'fa fa-circle-o', '0', '', 'Email unbind');
INSERT INTO `kite_user_nav` VALUES ('15', '5', '头像设置', 'member/member/avatar', '0', 'fa fa-circle-o', '0', '', 'Member avatar');
INSERT INTO `kite_user_nav` VALUES ('16', '0', '创建订单', 'member/order/create', '0', 'fa fa-circle-o', '0', '', 'Create');
INSERT INTO `kite_user_nav` VALUES ('17', '5', '我的订单', 'member/order/my', '1', 'fa fa-circle-o', '0', '', 'My order');
INSERT INTO `kite_user_nav` VALUES ('18', '0', '订单详情', 'member/order/detail', '0', 'fa fa-circle-o', '0', '', 'Detail');
